patch,riot_patch,oe_patch,title,published_at,url,summary,text
26.01,26.01,16.01,Patch 26.1 Notes,2026-01-07T19:00:00.000Z,https://www.leagueoflegends.com/en-us/news/game-updates/patch-26-1-notes,Demacia rises in Patch 26.1 🛡️,"Patch 26.1 Notes 
Patch 26.1 Notes
Demacia rises in Patch 26.1 🛡️
Game Updates Riot Riru, Riot Sakaar 
2026-01-07T19:00:00.000Z 
Welcome to a brand new season of League of Legends! We've got a plethora of far-reaching changes in this patch so if you don't want to read thousands of words, here's a brief overview: Strategic gameplay moves toward turret pushing and away from epic monster contests with tuning changes and the brand-new Crystalline Overgrowth. Role power is rebalanced, with brand-new Role Quests for each role. New vision mechanics to learn and master await you with Faelights. New items for each class yearn for a new home in your inventory, plus most champions' base crit damage is now 200%. Ranked play has new changes to reduce the pain of auto-filling. The game is also a little faster, both in conventional SR and Swiftplay. If you want to learn more about these changes, check out the dev blog here or simply read on! 
Alongside the new Seasonal changes we have the new Demacia themed Summoner's Rift map, ARAM Mayhem balance updates, an overhaul to Swiftplay to make it even swifter, Lobby Hostage taking, and more! 
Best of luck in your climbs, or your augment rolls, and we'll see you in Demacia! 
Looking for more information on all things League of Legends? Check out our community-run wiki here ! 
Wrong patch notes? You can find the TFT patch notes here ! 
Lilu ""Riot Riru"" Cabreros 
Caden ""Riot Sakaar"" House 
Mid-Patch Updates
1/9/2026 Mid-Patch Updates
We have a few changes to 26.1 that we wanted to get out before the weekend. We have a few early balance changes, some quick fixes to ARAM Mayhem, and some bugfixes that we have ready to go. Appreciate all your reports and your early feedback on the new season!
Aphelios
Many of Aphelios's abilities can crit, and while we compensated for this power increase, he's still become one of the strongest champions in the game. We're here to reduce some of that burst damage while preserving the power of his weaker AD-AS builds.
Passive - The Hitman and the Seer
Lethality per E rank : 5.5 ⇒ 4.5 
Graves
Graves is looking worse for wear in the new season and seems to not need some of the preemptive crit damage mitigations we put in place. So we're here to help his crit attacks have more oomph. Graves's critical strikes are pretty complicated but the short of it is that now a crit will deal twice as much damage as a non-crit if all pellets hit.
Passive - New Destiny
Crit Scaling : 35% bonus crit damage ⇒ 50% bonus crit damage 
Maximum damage on crit relative to non crit : 1.8x ⇒ 2x 
Kayle
Kayle - Q max is looking very strong this patch due to the top lane XP buffs. Removing some AP scaling we added back when there were less AP items available that improved attack power.
Passive - Divine Ascent
Attack Speed per stack : 6% (+1% per 100 AP) ⇒ 6% 
Q - Radiant Blast
Mana Cost : 70 / 75 / 80 / 85 / 90 ⇒ 60 / 70 / 80 / 90 / 100 
Slow : 26 / 32 / 38 / 44 / 50% ⇒ 25 / 30 / 35 / 40 / 45% 
Nilah
Nilah has been the biggest winner of this patch's systemic changes to bot lane and so is deserving of a meaningful adjustment. Because she gets plenty of attack speed from her Q, we're taking a chunk out of her base stat growth.
Base Stats
AS Growth : 2% ⇒ 1.25% 
Q - Formless Blade
Crit scaling multiplier : 80% bonus crit damage ⇒ 70% bonus crit damage 
Quinn
Quinn has suffered more than most in the new season from systemic changes like the removal of Symbiotic Soles and role quests. Since she was hit hardest in top lane, we're targeting her level scaling and giving a boost to her passive. This should further reward effective snowballing and buff the early trading she needs to get her quest online earlier, supporting Quinn players whether they want to continue playing a heavy roaming style or lean more into split pushing.
Base Stats
AD Growth : 2.7 ⇒ 3.2 
Passive - Harrier
Base Cooldown : 8 seconds ⇒ 7 seconds 
Rammus
Rammus has had a lot of success with some of the new map changes. We still want him to maintain his identity as a particularly strong pick into an AD comp, but we look to curve a bit of that power against magic damage champs.
Base Stats
Health : 675 ⇒ 645 
W - Defensive Ball Curl
Magic Resist : 27 / 32 / 37 / 42 / 47 ⇒ 20 / 25 / 30 / 35 / 40 
Tryndamere
We overcompensated for how much Tryndamere would gain from the base crit damage increases, so we're here to make things better for him. We're leading with a big E buff to make him less reliant on lucky crits for successful trades and help him not need a Tiamat for wave clear. He's also getting a W slow duration to make him better at taking extended fights.
W - Mocking Shout
Slow Duration : 2.5 seconds ⇒ 3.25 seconds 
E - Spinning Slash
Base Damage : 70 / 105 / 140 / 175 / 210 ⇒ 80 / 120 / 160 / 200 / 240 
Essence Reaver
Total Cost : 2900 Gold ⇒ 3050 Gold 
Recipe : Sheen + Caulfield's Warhammer + Cloak of Agility + 350 Gold ⇒ Sheen + Caulfield's Warhammer + Cloak of Agility + 500 Gold 
Attack Damage : 55 Gold ⇒ 50 
Clash Schedule Updates
We've moved the first Clash of the year back one week. 
Clash registration will now open on January 19th @ 11:00 AM (Local Time) 
Tournament days will now be January 24th and 25th.
ARAM/ARAM Mayhem Updates
We've disabled the Bastionbreaker item from ARAM and ARAM Mayhem.
We've temporarily disabled the Executioner augment from appearing for Gangplank due to an unintended interaction.
We've temporarily disabled the Flashy augment while we resolve some bugs that have popped up with it.
Fixed an issue that allowed the ability to roll multiples of the same augment and stack them.
We've identified an issue that caused two Stormrazors to appear in the shop.
Fixed an issue where Zeri could reach over the attack speed cap. (This was actually fixed in the original 16.1 patch but was missing from the notes)
Bugfixes
Fixed several issues where Actualizer could incorrectly increase mana costs indefinitely.
Known Issues
Some settings are not available when in Ranked games.
When in spectator mode if you skip forward in time towers will remain standing after being destroyed.
Winter Rift Baron is still appearing. (sorry Baron just wants to be on the Winter Rift a little longer, we'll get him to put the mittens away later)
Patch Highlights
Prestige Veiled Lady Morgana, Petricite Cho'Gath, Petricite Nautilus, and Durand's Legacy Taliyah will be available January 8, 2026.
Role Quests
This year, we're introducing a major new concept to Summoner's Rift: Role Quests. Building off the item-based quests that junglers and support players have had for years, we're adding new lane-phase defining quests for the other three positions and updating the existing quests for support and jungle. 
You'll be automatically assigned the position quest corresponding to the role you've queued up as—if you want to trade positions, you'll need to do that during champion select. And the game will now reward playing out your lane matchup, at least for the first few minutes every game. This change will also help us better balance and tackle the pro play meta around lane swaps going forward, so no more LANE SWAP DETECTED pop ups. 
Every position will receive quest rewards for successfully completing their role quest. For top, mid, and bot lane players, these will be entirely new advantages. For support and jungle players, your existing rewards will be updated, and you'll be receiving some new rewards as well.
Queuing Up
In all queues with assigned positions, you will automatically be given the quest associated with your assigned position in champ select.
Custom Summoner's Rift lobbies will now require players to select a position.
Swiftplay and rotating game modes will not have this feature enabled, and will retain the same jungle and support quest rules as before.
Completing Your Quest
Once in game, you'll complete your quest by playing out your assigned lane. For each position, you'll earn points—reflected in the UI near your item inventory—for taking appropriate actions (many of which are based on what actions you do in-game today), and when you've earned enough points, you'll receive a reward. 
Support and jungle players will earn points for taking basically the same actions as before—supports will stack their World Atlas, while jungle players will grow their pets. 
For top, mid, and bot lane players, you'll earn points for champion takedowns, epic monster takedowns, minion kills, turret plates, turret takedowns, and some will passively generate over time. Minion, turret, and plate rewards are doubled in your assigned lane. Mid laners will also progress by dealing damage to champions. 
Passive generation is a slow trickle outside of your lane, but is a significant amount of overall quest progress while you are in and around your assigned lane—roughly, past your outermost living turret in your assigned lane. Drive your opponent out of lane or kill them to slow their quest progress!
Top Lane
Top lane has been a particularly difficult role to give appropriate agency to over the years, and is frequently viewed as the position with the lowest agency. We're enhancing their agency in this update with universal access to Teleport, and ensuring that they are a relevant scaling champion by increasing their experience gains and level cap.
Gold and experience from minions reduced by 25% outside of top lane until level 3
Quest Progress:
1200 points required for quest completion
+1 per minion kill (+2 in Top Lane)
+30 per epic monster takedown
+25 per turret takedown (+50 in Top Lane)
+20 per turret plate (+40 in Top Lane)
+15 per champion takedown
Starting at 1:05, +1 per 3 seconds passively, increased to +8 per 5 seconds in and around top lane (Note: roughly, past your outermost living turret in your assigned lane.)
Quest Rewards:
Level cap increased to 20
+600 experience
All future experience gains increased by 12.5%.
If the top laner did not select Teleport as a Summoner Spell, gain Unleashed Teleport on a 7 minute cooldown.
If the top laner did select Teleport as a Summoner Spell, they are also shielded for 30% of their maximum health on arrival, lasting for 30 seconds.
Jungle
Jungle quest completion is mostly unchanged except for some light tuning—you'll complete your quest sooner, and the Gustwalker Hatchling's reward is slightly reduced compared to the other options. In addition to their previous rewards, junglers now get increased gold and experience after completing their quest, better allowing them to be a powerful champion later in the game, as well as increased movement speed in the jungle.
Pet counters needed to fully finish the quest: 40 ⇒ 35
Gustwalker movement speed duration: 2s ⇒ 1.5s
Smite damage: 600/900/1200 ⇒ 600/1000/1400
After quest completion, Junglers gain 4% movement speed in the jungle or river, increased to 8% while out of combat.
After quest completion, Junglers gain +10g and +10 XP per large monster killed
Mid Lane
Mid laners uniquely progress their role quest through dealing damage to champions in addition to other events. For rewards, mid laners receive a free upgrade to their boots, and periodically get an empowered Recall. 
The boots upgrades are based on the items introduced for Feats of Strength, but they've been heavily reworked and are significantly more powerful now.
Gold and experience from minions reduced by 25% outside of mid lane until level 3
Quest Progress:
1350 points required for quest completion
Ranged Champions gain 1.5% of damage dealt to Champions as quest progress
Melee Champions gain 3% of damage dealt to Champions as quest progress
+1 per minion kill (+2 in mid lane)
+30 per epic monster takedown
+25 per turret takedown (+50 in mid lane)
+20 per turret plate (+40 in mid lane)
+25 per champion takedown
Starting at 1:05, +1 per 3 seconds passively, increased to +8 per 5 seconds in and around the mid lane
Quest Rewards:
Tier 2 boots upgrade to their corresponding Tier 3 boots. If you do not have Tier 2 boots in your inventory upon quest completion they will be upgraded on purchase.
Every 5 minutes, gain an empowered Recall, reducing the channel time from 8 to 4 seconds
Champion takedowns reduce the cooldown on empowered Recall by 1 minute
Crimson Lucidity
Upgrades from Ionian Boots of Lucidity
Ability Haste: 20
Movement Speed: 45
Ionian Lucidity: Gain 20 Summoner Haste.
Noxian Haste: Empowering or protecting allies with abilities, dealing damage to enemy Champions with abilities, or casting a Summoner Spell grants 10% Movement Speed for 4 seconds.
Swiftmarch
Upgrades from Boots of Swiftness
Movement Speed: 65
Fleetfooted: Reduce the effectiveness of Slows by 40%.
Noxian Fervor: Gain 5% of your Movement Speed as Adaptive Force.
Spellslinger's Shoes
Upgrades from Sorcerer's Shoes
Magic Penetration: 18
Magic Penetration: 8%
Movement Speed: 45
Gunmetal Greaves
Upgrades from Berserker's Greaves
Attack Speed: 40%
Movement Speed: 45
Life Steal: 5%
Chainlaced Crushers
Upgrades from Mercury's Treads
Magic Resist: 30
Movement Speed: 45
Noxian Persistence (15s cooldown): After taking magic damage from a Champion, gain a (10-120 [level scaling] +10% Health) magic shield for 5s.
Armored Advance
Upgrades from Plated Steelcaps
Armor: 35
Movement Speed: 45
Plating: Reduces incoming damage from Attacks by 10%.
Noxian Endurance (15s cooldown): After taking physical damage from a Champion, gain a (10-120 [level scaling] +10% Health) physical shield for 5s.
Bot Lane
We're doubling down on bot laners as the game's defining gold income carries. Bot laners progress their quests more from minion kills than other positions, and are rewarded with some up front gold, increased gold income for the rest of the game, and the ability to move their boots into their Role Quest slot, freeing up an inventory slot for more component items—or even a fully completed 6th item if the game goes long enough.
Gold and experience from minions reduced by 25% outside of bot lane until level 3
Quest Progress:
1350 points required for quest completion
+1.5 per minion kill (+3 in Bot Lane)
+30 per epic monster takedown
+25 per turret takedown (+50 in Bot Lane)
+20 per turret plate (+40 in Bot Lane)
+15 per champion takedown
Starting at 1:05, +1 per 3 seconds passively, increased to +8 per 5 seconds in the Bot Lane playspace
Quest Rewards:
+300g
+2g per minion kill for the rest of the game
+50g per champion takedown for the rest of the game
Boots move to the Role Quest slot, effectively opening up a 7th item slot
Support
The Support Quest is already very fulfilling and functional, and as they say if it isn't broken don't fix it. That said, we did want to take this opportunity to localize the role quests to bot lane, similar to the other quests, while also adding a few quality of life upgrades to the quest. Gone are the days of having to sacrifice one of your item slots for Control Wards, now is the time for laners and junglers to fear the potential of a six item support!
Gold and experience from minion kills and from Support Quest Items is reduced by 25% outside of bot lane until level 3
Zaz'Zak's Realmspike, Solstice Sleigh, Bloodsong, Dream Maker, and Celestial Opposition: 5g per 10s ⇒ 9g per 10s
After Quest Completion, Control Ward gold cost reduced to 40g
After Quest Completion, store up to 2 Control Wards on your Role Quest slot instead of your item inventory
Atakhan, Blood Roses, Feats, and Kills
With the new season, we're waving goodbye to Atakhan, Blood Roses, and Feats of Strength. These three features combined to make Summoner's Rift in 2025 unique, but Atakhan's story has come to an end, and ultimately these features weren't having a positive enough effect on the game for us to be confident to keep them in the game long term. Not to mention many of you letting us know that these weren't features you all were fans of. Atakhan in particular contributed to an extremely objective-focused game that tended to narrow the possibilities of what a game of Summoner's Rift can be. 
Ultimately, these three features were increasing the complexity of Summoner's Rift without providing enough value, so they've been removed to make room for new features. 
Since we've removed Feats of Strength, First Blood and the first turret destroyed once again grant increased gold. 
We are also reducing the value of frequently-killed champions but letting them re-earn their way back to full value faster. We are happy with the current level of snowballing in the game and since many of the new mechanics have a strong chance of increasing snowballing, we want to combat that increase. We’d also be happy with teams changing their ganking strategy: Right now, it’s optimal to continue picking on the same lane over and over again as the risk of doing so plummets the farther ahead one side gets. By reducing the value of repeated kills, players are nudged toward ganking other lanes to extract the most gold from the play.
Feats of Strength have been removed from the game.
First Blood once again grants +100g to the killer.
The first Turret destroyed once again grants +300g.
Atakhan has been removed from the game and will no longer spawn.
Blood Roses have been removed from the game and will no longer spawn.
Base kill gold devaluation per 1 gold given on death: 0.2 ⇒ 0.4. For example, dying and giving away 300g will reduce your base kill gold by 75g.
Base kill gold revaluation per 1 gold earned: 0.1 ⇒ 0.2. This change does not affect the accrual of positive bounties.
Epic Objective Tuning
Our pass on epic monsters for this season is intended to make them more contestable, empowering junglers to better solo objectives, make them more sustainable and tunable, and ultimately more consistent to interact with. 
We want to increase the risk incurred when taking epic monsters, bringing it closer to the danger level of pushing for turrets. To do this, we're making these epic monsters more resistant to physical and magic damage, which means a team will take anywhere from 10-30% longer to kill them. In the case of late-game elemental drakes, they are being slowed even further. Claiming Dragon Soul is just as impactful as taking Baron Nashor, so we want the time commitment for doing so to be comparable. Because true damage sources—such as the jungle pet and Smite—are unaffected, junglers who solo these objectives won't be nearly as penalized, which means playing for lane priority in order to give your jungler cover is comparatively more powerful. Most Epic Monsters also no longer reward simply being around when it dies, meaning laners can continue to focus on lane control. 
This increase in resistances and a small buff to Smite also protect junglers from some non-jungler objective steals. Junglers are already under a lot of pressure to perform around these objectives and that level of stress can burn a lot of players out, so we're making this specific portion of jungle gameplay more forgiving. 
We've also done a pass on epic monster rewards, aiming to make most of them give roughly as much gold and twice as much experience as a typical jungle camp, which we think is a fair reward for camps that mostly just cost time. For the game-ending objectives, namely Elder Dragon and Baron Nashor, we're substantially curtailing their gold rewards, choosing instead to retain their emphasis on buff power and experience. The experience value of these epic monsters is remaining high and we're refactoring their comeback experience mechanics in order to make them strong turning points for mounting a comeback for the losing team. The buff power is remaining because they should be strong, time-limited moments that meaningfully change how each game plays out. 
In the past, epic monsters had inconsistent scaling with some caring about game time, some caring about level, and some having a mix of factors. We've rebuilt all epic monster scaling to have base stats and level ups similar to how champions do. Each epic monster has a minimum level that's aligned with the typical game but ensures outliers aren't too squishy. They've all been given the same underlying armor and magic resist growth, which roughly mirrors what champion-vs-champion combat feels like and should scale appropriately for champions of any damage type. These changes have the added benefit of making experiences like Multiplayer Practice Tool more productive, as a level 15 Baron teamfight will always behave like a level 15 Baron teamfight, regardless of how many minutes into the game you are.
Elemental Drakes
Elemental Drakes will have up to 35% more effective HP, increased further for teams who approach Dragon Soul, as the Dragon Vengeance mechanic that gives them damage reduction has been buffed, causing super late game soul takes to last about twice as long. We're picking Dragon Vengeance for the primary buff here because we want losing teams to have a fair shot at taking a low-value Elemental Drake, but we want Dragon Soul to be strongly contestable. Drakes still don't deal very much damage, which is an intended part of their combat. 
Their local rewards are actually going up this season, unlike most other epic monsters. We want to make sure that junglers feel appropriately rewarded for skipping out on a camp or two to take a team-wide objective, so we're ensuring they're properly compensated in gold and experience for taking risks on behalf of their teams. 
We've also simplified and buffed all dragons' comeback experience mechanic, which rewards under-leveled champions on the losing team.
Minimum level: 6 (unchanged)
Health: 5,730-13,790 ⇒ 3,625 + 375 growth (5,106-10,000)
Armor: 21 ⇒ 34 + 8 Growth (66-170)
Magic Resistance: 30 ⇒ 32 + 4 Growth (48-100)
Mountain drakes have +15% HP (4,200 + 430 growth) instead of +20 armor and magic resist
Dragon Vengeance damage reduction: 7/14/21% ⇒ 15/30/45%
Dragon Vengeance no longer increases damage to champions by 20/40/60%
Dragon Vengeance tooltip now shows its numbers more accurately
Kill gold: 25 ⇒ 75
Local XP: 150-330 (6-15) ⇒ 160-400 (6-18)
Comeback XP is now linear instead of quadratic but still scales up to 2x at a 4 level deficit.
Elder Dragon
Elder Dragon already scaled its durability with level but we're cleaning up the functionality of it. Like with Baron later on, its overall gold value is going down, while the experience value is being placed entirely into team-wide global XP and ensuring it's amplified by the monster's comeback experience for weaker players on the losing team. Ultimately, Elder Dragon will have around 20% more effective HP but should otherwise feel similar. The minimum level change shouldn't mean much, except for anyone who likes looking at the official League wiki, as now the minimum values more closely match what players will actually encounter in their games.
Minimum level: 10 ⇒ 13
Armor: 120-189 ⇒ 34 + 8 Growth (122-170)
Magic resist: 70-113 ⇒ 32 + 4 Growth (76-100)
Health: 13,650-17,130 ⇒ 11,500 + 575 Growth (17,796-21,275)
Gold: 100 Kill + 250 Global ⇒ 100 Kill + 150 Global
Total gold: 1350 ⇒ 850
Experience: 830 Local + 500 Global ⇒ 0 Local + 650 Global
Total experience: 3,330 ⇒ 3,250
Comeback XP is now linear instead of quadratic but still scales up to 2x at a 4 level deficit.
Void Grubs
Void Grubs have generally been an epic monster camp that's more about getting yourself ahead and rewarding the whole team for running over to assist in the takedown. With this season's increased focus on pushing turrets, we think the buff already rewards that playstyle strongly, but we want to reduce the pressure on having whole teams roam up for Grubs. We also want to make it easier for laners to run over to take a single Void Grub and then leave back to their lane. To accomplish these goals, we're concentrating the gold reward purely on the killer of each monster and re-tuning the rewards to be more in line with our goals for camps like these. We're also reducing the camp's damage in order to make them less scary for non-junglers to engage with. As with most other epic monsters, their durability is increasing as well. 
As a point of clarification, the changes to Voidmites only affect the monster camp version and have no impact on the reward mites summoned from taking down the camp.
Minimum level: 4 ⇒ 7
Armor: 0 ⇒ 34 + 8 Growth (73+)
Magic Resistance: 0 ⇒ 32 + 4 Growth (51+)
Health: 2,250-3,750 ⇒ 1300 + 200 Growth (2,269+)
AD: 30-45 by game time ⇒ 12 + 2 Growth (22+)
Grubs now deal 50% more damage to non-champions, matching Dragon and Baron
Mite AD: 4.2-6.6 by game time ⇒ 1.8 + 0.3 Growth (3+)
Mite HP: 470-710 by game time ⇒ 180 + 30 Growth (325+)
Gold: 20 local + 50 global (210g) ⇒ 30 local (90g)
Experience: 75 + 2% per level / 4 (79.5-84) ⇒ 65 (195 for 3)
XP radius: 0 ⇒ 2000
No longer heals its killer for 60 HP
Rift Herald
Rift Herald is a valuable objective due to its ability to knock down turrets, so we're actually increasing its unique reward a small amount while removing an odd optimization around delaying its summon in order to squeak out a level up and thus get more damage from the Rift Herald Mercenary's charges. We're making the ""Eye"" mechanic more solo-able by moving it to a simple cooldown that junglers can more easily claim by themselves. We're also changing its rewards to match our goals, especially by reducing the amount of local gold it gives nearby champions and instead rewarding the killer an appropriate amount. As with other epic monsters, its effective health has also increased.
Minimum level: 6 ⇒ 9
Armor: 60 ⇒ 34 + 8 Growth (88+)
Magic Resistance: 50 ⇒ 32 + 4 Growth (59+)
Health: 10,688-14,250 ⇒ 7,000 + 700 Growth (11,718+)
Rift Herald eye cooldown: 8 ⇒ 6
Eye cooldown is no longer reduced on-hit
Rift Herald now deals 50% more damage to non-champions, matching Dragon and Baron.
Experience value: 309-330 ⇒ 240
XP radius: 600 ⇒ 2000
Gold: 200-600 based on nearby champions: 100g to killer
Mercenary charge damage: 2500-3000 ⇒ 3000
Mercenary health: 4,770-6,360 ⇒ 2,500 + 270 Growth (4,059+)
Mercenary armor: 60 ⇒ 34 + 8 Growth (88+)
Mercenary Magic Resistance: 50 ⇒ 32 + 4 Growth (59+)
Atakhan
Atakhan has been removed from the game.
Spawns ⇒ No longer spawns
Baron Nashor
Baron Nashor is receiving a similar treatment to Elder Dragon, reducing its overall gold reward and ensuring the experience reward is impactful to drive those exciting moments where clutch objective steals lead into a teamfight comeback. We're preserving its buff power as a meaningful game-ender, though. We've also done a tuning pass on Baron's various abilities to ensure they're not weaker than his regular attacks so he lives up to his raid boss aura. His shred is also being empowered to consistently weaken all enemies around him, making the fight more lethal than before when an enemy team comes to contest. You thought pro teams were done throwing the game at 20 minute objective fights? Think again! 
Ultimately, Baron will be more durable than before and slightly more threatening, as his abilities will more accurately scale across game time and the increased shred will make the attacking team more prone to being more vulnerable to contests.
Spawn timer: 25m ⇒ 20m
Minimum level: 11
Health: 15,600-19,020 by time ⇒ 16,300 + 170 Growth (17,792-19,190)
Armor: 120 ⇒ 34 + 8 Growth (104-170)
Magic Resistance: 70 ⇒ 32 + 4 Growth (67-100)
Attack damage: 350-520 from 20-57 minutes ⇒ 175 + 20 Growth (351-515)
Corrosion secondary attack damage: 70 + 20% total AD ⇒ 35% total AD
Acid Pool damage: 200 + 10% total AD ⇒ 100% total AD
Territorial Baron pull damage: 300 ⇒ 100% total AD
All-Seeing Baron rift total damage: 1000 ⇒ 140% total AD
Acid Shot damage: 200 + 50% total AD ⇒ 100% total AD
Tentacle Knockup damage: 200 + 25% total AD ⇒ 100% total AD
Re-added: Shreds 0.5 armor/MR per second to all nearby enemies
Experience: 800 local + 600 global ⇒ 650 global
Total experience: 3800 ⇒ 3250
Gold: 25 kill + 300 global ⇒ 100 kill + 150 global
Total gold: 1525 ⇒ 850
Baron Nashor is now subject to comeback experience like with dragons. Players on the losing team gain 25% increased experience per level behind they are, capped at 2x.
Fixed a broken icon in death recap from one of Baron's abilities
Jungle Adjustments
Buff Camps
We're removing the global red and blue buffs that were available after 25 minutes for a few reasons. 
First, we think these buffs should be meaningful, and giving them out globally makes them less special when you do get one, since these buffs aren't very impactful if they're given out to five champions at a time. It also made it harder to appreciate the reward, since it could often show up without any effort from you . We prefer the version where someone intentionally walks over to pick up the buff their jungler left for them. 
Second, we think the overall power level of these camps got too high with so many buffs given out, and considering this season's emphasis on pushing for the enemy base over taking jungle monsters, reducing the power of team buffs was a straightforward decision. This also means, as a jungler, you're less likely to face off against an enemy who's wearing matching buffs, giving junglers a little more late-game combat agency in their average fight.
Baron's spawn no longer corrupts Red and Blue buff, which made their buffs global and gave the monsters 30% more HP. A second version of the buff still drops after the Elemental Terrain transition.
Red buff regen: 0.5/1/3% at level 1/4/6 ⇒ 0.5/1/1.5/3% at 1/4/6/11
Red melee slow: 5/10/15/20% ⇒ 10/15/20%
Red ranged slow: 5/7.5/10% (unchanged)
Red buff burn: 10-75 ⇒ 15-54
Burn now displays its cumulative damage on its target
Red/Blue buff tooltips now show exactly how much power they provide.
Bugfix: Red/blue buff no longer last 30 seconds longer if a jungler kills a champion for it
Jungle Rules
Our jungle changes this season are aimed at slowing down their early clears in order to give more room for lanes to play out their early games without as much intervention. We're also reshaping the feel of early clears by giving junglers substantial damage reduction to help novice players have a more comfortable time when clearing their jungle and compensating the amount of health they get back to achieve fairly similar health for experienced players who kite camps well. 
Junglers will also be a little better at killing epic monsters, as their pets will contribute more DPS regardless of class and build, and their Smite will be more powerful compared to spells like Lux's and Jinx's ultimates. Additionally, the overall mid-late jungle gold and experience income is going up a little through a combination of a more valuable Rift Scuttler and increased gold and experience from their more quickly completed jungle quest.
Monster damage amp: 25% ⇒ 10%
Smite damage: 600/900/1200 ⇒ 600/1000/1400
NEW: Junglers take 50% damage from non-epic monsters
Maximum heal on kill: 81 + 13.5/lvl (1-10), max of 202.5 ⇒ 90+20/lvl (1-9), max of 250
Minimum heal on kill: 36+6 (44% of max), max of 90 ⇒ 0 (0% of max)
NEW: Now restores 15 energy on large monster kill
Pet heal per second: 14-37 (1-10) ⇒ 6-36 (1-18)
Pet base DPS: 20-90 ⇒ 20-150
Base pet DPS against epic monsters 15.5 ⇒ 20-150
Scuttle Crab no longer spawns at -1 level, thus increasing its gold/XP value
Kills required for first evolution: 20 ⇒ 15
Jungle role quest completion: 40 stacks ⇒ 35 stacks
Faelights and Vision Changes
Faelights
Faelights are a new map feature we're introducing to improve the vision system. They appear as rings of glowing mushrooms on the ground—some present at game-start, and some upon the Elemental Rift transformation. When you place a ward on the ring, it will temporarily reveal a nearby area of the map, which is not revealed to enemies unless they use a detector effect or ping the ward directly. 
These were designed with a few goals in mind: 
First, we want wards to be more usable for enabling plays (like a split-push), even if the support isn't nearby to provide multiple wards (especially when coupled with the Scryer's Bloom changes; see below). This is a major motivator for the powerful faelight spots that spawn near side lanes after elemental rift transformation. It's also why the bonus vision regions are long enough to make a play, but not long enough to dominate vision. 
Second, we want the vision game to be more approachable while still rewarding good decision-making and strategic skill (particularly as the game moves past lane phase). This is why the island brush locations near side lanes are simple feels-good spots to ward during lane phase, while the areas towards the center of the map are sparser and less powerful. It's also why the system still forces you to make strategic decisions about when and how to use limited ward/trinket resources (rather than resembling a plant or hexgate, for example), including for playing-against (as asymmetric information is critical to depth of strategy). 
Third, we want to ensure the vision system has interesting mechanics to promote healthy new vision dynamics (e.g. enable split-pushes without turbo-charging jungle invades). This is why each location has its own tuning levers, like location, elemental rift delay, bonus vision shape/size, and the location/frequency of nearby Scryer's Blooms. These enable faelights like those at base gates, which can be useful for offensive plays, but are designed to be easier than average for a losing team to retake and use to recover after being pushed in. 
Finally, the vision system has historically been hard to understand and low-satisfaction, so we're keen on vision mechanics that feel visceral, alive, and aesthetically pleasing on the map, rather than being a subcomponent of an item or UI component. This informed the natural-magic visual motifs and punchy particle effects that hopefully make it a fun and inviting feature to interact with. 
We'll be keeping an eye on how faelights impact the vision game, adjusting rules and individual locations as necessary to keep them fair. 
Faelight: Placing a ward (of any type) on a faelight makes the ward a faelight superward, applying the following effects:
Grants +25% vision radius to the ward
Reveals a bonus vision region for 45 seconds
The bonus vision region shape is specific to that faelight location
The bonus region particles are only visible to your team
The bonus vision region is not affected by the type of ward being used (e.g. Control Wards don't enhance it.)
This duration is represented by a countdown circle visual on the ward
The bonus vision region can see into brush if the brush is in the region shape
Enemies will know they're in the bonus region while their team has a detector/sweeper effect within the region
Enemies will know they're in the bonus region if their team has ping-tracked the ward directly (including via Sixth Sense)
All faelight superward buffs are suppressed while the ward has nearsight, and removed when the ward dies
If your team already has a ward on the faelight, that ward will be destroyed to make room for the new superward
For the sake of Vision Score, the ward has a +25% score mod
For the sake of Vision Score, the bonus vision region is treated as an extra ward obeying the Position modifier rule, but no other modifier rules (e.g. staleness)
Faelight Locations
One near each base gate (4 total), providing vision into the nearby jungle
One in each island brush near top and bot (2 total), providing vision into river
One in each river wall brush near mid AKA banana brush (2 total), providing vision of nearby river (hugging the mid lane brush but not overlapping it)
[After Elemental Rift Transformation] One near side lanes in each quadrant (4 total), providing vision in the jungle path along the lane
Other Vision Changes
Faelight's goals are meant to be delivered by a mix of Faelights themselves and other vision changes working in tandem. 
First, we're buffing the cooldown of yellow trinket so non-supports are more readily able to access vision (with or without faelights) to make plays. Likewise, we're also buffing the duration of red trinket so those trying to bypass/clear enemy vision are more able to do so (and to make them better for clearing detected Faelight superwards). 
Additionally, we're adding more Scryer's Bloom locations and speeding up their respawn times. This is meant to enable the ""I have the vision tools to make plays"" goal of Faelights, as well as increase access to ward-clearing (to offset the increased systemic vision from faelights).
Stealth Ward Trinket Cooldown: 210-120s (by level) ⇒ 170-90s (by level)
Oracle Lens Trinket Duration: 6s ⇒ 8s
Scryer's Bloom Default Respawn Time: 260-350s (random) ⇒ 200-260s (random)
At 15:00 (or elemental rift transformation), new Scryer's Bloom locations become available
One at each river coast near side lanes (2 total)
One behind each side lane inner turret (4 total)
One near the rocks in base where Hexgates spawn (4 total)
Elemental rift Scryer's Bloom locations near these points have been deprecated, and any other plants too close by have been repositioned
These new Scryer's Bloom locations have much shorter default respawn times: 90-120s (random)
Homeguards
We're retuning Homeguard to be generally faster, reducing dead time in the game flow and enabling proactive plays more often, especially later in the game. You'll now be able to keep your Homeguard until you reach the action – your outermost turret in your lane, or the minion wave.
Homeguard no longer has a duration.
Homeguard is now removed after reaching the endpoint, entering combat, or entering the jungle.
Homeguard will always take you at least to just before your outermost living turret in a lane.
Homeguard will always take you at least to your Inhibitor in your base.
After 14:00 or after at least one turret on either team has been destroyed in a given lane, Homeguard will track the furthest minion in the lane, ending approximately 2000 units before reaching the minion wave.
Before 14:00, Homeguard grants 80% movement speed ramping down to 40% over 4 seconds.
After 14:00, Homeguard grants 150% movement speed ramping down to 65% over 4 seconds.
In Swiftplay, Homeguard always grants 200% movement speed, ramping down to 100% over 4 seconds.
Crystalline Overgrowth
In this season, we want to encourage a wider variety of strategic play. In particular, we're interested in making lane pushes better in situations outside Baron buff. Part of this is addressing the reward incentives (see below), but another part is addressing the actual ability to make damage progress on turrets. Even if turrets are worth more, there are many situations where you just don't have the time or DPS needed to make meaningful turret progress. 
Crystalline Overgrowth is a new mechanic on lane turrets to enable that damage progress, essentially saying, ""What if every champ had an accessible Demolish-like tool to enable small pushes?"" 
Over the course of several minutes, crystals will begin automatically building up on turrets. When a champ hits that turret, the overgrowth will burst, dealing bonus true damage based on how much overgrowth has accumulated. It's not based on the attacker's stats (nor do they need to stay near the turret for long). 
The tuning here is meant to be useful whether you're pushing fairly frequently or only hit turrets a couple times per game. We want this to be a mechanic that most champs feel empowered to use in most games, not something that's only useful for perma-pushers or only useful for comebacks.
Targetable lane turrets are now subject to Crystalline Overgrowth.
Crystalline overgrowth will appear after a 90s startup/cooldown (30s in Swiftplay); at that point, the turret will take true damage the next time an enemy champion attacks it.
The overgrowth will stay at its minimum damage state for 60s (30s in Swiftplay), then scale the damage up linearly for 240s (180s in Swiftplay), then hold at max damage indefinitely.
The damage calculation is based on the average level of the attacking team:
At level 1 , the damage range is 2% - 3.3% of the turret's max Health (2.15% - 3.76% in Swiftplay).
At level 18 , the damage range is 8.8% - 18.9% of the turret's max Health (13.2% - 39.6% in Swiftplay).
The attack hitbox of the turret is increased for melee champions based on the size of the overgrowth.
Crystalline overgrowth will not proc from attacks while the turret has backdoor protection.
If an enemy unit is near the turret at that 90 second mark when it would become active, Crystalline Overgrowth will be suppressed and not appear. Once enemies are gone, the Overgrowth will then be applied and it will ""fast forward"" its state to make up for where it should be. This is to avoid sudden mid-push activations.
Demolish
Given that Overgrowth occupies a lot of the same space as Demolish (in visuals, complexity, and gameplay), we felt Demolish needed to be simplified. We still want Demolish to be a satisfying and useful rune to users that already like it, and we'll be keeping an eye on how this feels with the Overgrowth mechanic and make any changes as needed.
Demolish trigger: Charge up a powerful attack against a tower while near it. ⇒ Your third attack against towers deals bonus physical damage.
Cooldown: 45s ⇒ 30s
Melee Damage: 100 + [35% of maximum health] ⇒ 85 + [28% of maximum health]
Ranged Damage: 100 + [35% of maximum health] ⇒ 50 + [20% of maximum health]
Game Start Time
We're trimming some, mostly wasted, time at the start of every game and getting you into the action faster instead of just waiting around for your minions to get to work. If you're a fan of invades don't worry, with the Homeguard changes pushing everyone out faster it's still possible to invade even with this faster earlier start time.
Minion spawn time: 1:05 ⇒ 30 seconds
Murk Wolf, Blue Sentinel, Red Brambleback, Raptor Camps: Spawn at 55 seconds
Krug, Gromp Camps: Spawn at 1:07
River Scuttler Camps: Spawn at 2:55
Baron Nashor: 25:00 ⇒ 20:00
Epic Monster spawn times are unchanged unless noted above.
Ambient Gold Start Time: 65 seconds
Most miscellaneous start of game systems (for example, World Atlas's first charge) start 35 seconds faster.
Remake Eligibility: 1:30 through 3:00 ⇒ 0:55 through 2:25
Early Surrender (with AFK) eligibility: 3:30 ⇒ 2:55
Turrets
We have lots of changes to turrets coming in this patch beyond the new Crystalline Overgrowth mechanic. The headlining feature is that all turrets (except Nexus turrets) now have turret plates, rewarding champions for partial success when sieging the enemy base and incentivizing smaller incremental pushes over taking a whole turret down in one fell swoop. The total gold from these turrets isn't changing much as the total local gold has mostly been shifted into the individual turret plates themselves. 
As these mechanics are pervasive and live on the turret forever, we've simplified several rules and removed the 3D visualization of turret plates themselves. Instead, the segmented health bar will show how far you are from the next gold payout. We've also made various turret plate rules more apparent, improving the VFX of the short-duration ""Bulwark"" resists that turrets got when a plate was claimed. 
We're doing a tuning pass on overall durability and damage, keeping outer turrets from scaling quite so far into the game, making mid-game turret takes a little less risky while still allowing them to provide solid safety early on. Turret health is overall increasing a little to make room for the new Crystalline Overgrowth mechanic. 
We still like several of the mechanics that turret plates afforded, namely that outer turrets start very durable but become squishier after the laning phase winds down, and that melee champions were rewarded for incurring extra risk when attacking turrets, so those mechanics have been preserved in this new world.
Bulwark resist duration: 20s, refreshing on each plate takedown: 20s, overlapping durations
Bulwark resist visualization updated and new effects have been added. VFX no longer disappear when champions walk out of range.
Turret plates take 17% less damage from minions and ranged champions ⇒ Turrets take 20% more damage from melee champions
Updated all turret item tooltips to more clearly explain turret mechanics.
Turret true sight range: 1095 ⇒ 1100. Tooltip updated to reflect the accurate range.
Outer Turrets
The primary change for outer turrets is that the health bar has been changed to make it easier to understand how durable a turret really is. Instead of gaining permanent resists each time a turret plate dropped, the health bar segments are simply different sizes, which is mathematically almost identical but makes it easier to understand a turret's true durability at a glance. 
Though turret plates are now permanent, we like that outer turret durability changes over game time, becoming frailer as the game progresses. So its resistances and value drop in the mid game, rewarding players who can press their lead early on but still leaving a moderate amount of gold for those who never had early pressure.
Nearby players are now rewarded a share of 300g for destroying the first turret of the game.
Plates are now permanent instead of falling off at 14 minutes.
Resistances: Set armor/MR to 40 at 14 minutes ⇒ Lose 15 armor/mr per minute starting at minute 11, capped at -60
Plate gold: Turret plates drop at 14 minutes, awarding no further gold ⇒ Plate value reduces by 10g per minute at minute 11, capped at -40
Plate thresholds: 20/40/60/80/100% ⇒ 10/25/45/70/100% missing HP
No longer gains 50 permanent resists per dead plate.
In-world turret plate models have been removed. They now only show as health bar segments.
Base resists: 15 ⇒ 60
Base HP: 5,000 ⇒ 9,000
Maximum bonus AD: 192 at 16 minutes ⇒ 168 at 14 minutes
Local gold: 250 ⇒ 0
Turret plate gold: 125 ⇒ 120
Maximum local gold: 875 ⇒ 600
Minimum local gold: 250 ⇒ 400
Inner and Inhibitor Turrets
As mentioned above, T2 and T3 turrets are receiving turret plates in order to reward partial progress. Now crashing a minion wave and dealing a couple thousand damage will pay you for pushing up and incurring that risk. Combined with more durable epic monsters, this should meaningfully push champions to care much more about pushing up and progressing toward destroying the enemy base. The rest of the math here is simply a consistency pass that sets all turrets to 60 armor and MR in order to make it easier to read each health bar. We're also removing some of their late-game stat scaling to make sure pushing them remains a strong option.
NEW: Turret Plates claimed at 10/25/45/70/100% missing HP
Inner turret local gold: 425/675 ⇒ 600 spread across 5 plates
Inner turret health: 4000 ⇒ 5000
Inner turret resistances: 55 ⇒ 60
Inner turrets no longer gain up to 15 armor/MR at minutes 16-30
Inhibitor turret local gold: 375 ⇒ 600 spread across 5 plates
Inhibitor turret regen thresholds: 33/66% HP ⇒ 30/75% HP
Inhibitor turret health: 3500 ⇒ 4750
Inhibitor turret resistances: 70 ⇒ 60
Nexus Turrets
Nexus Turrets are a special case due to their unique location far inside the base. As they already have partial-kill rewards due to their health regeneration mechanics, we're not doing much on the durability front. However, we are leaving them weaker on respawn so that it's never an optimization to leave the turret at low health instead of actually destroying it. The respawning turrets are valuable in order to let a defending team eventually leave their base, but it shouldn't ever be wrong to kill them.
NEW: Turret Plates claimed at 10/25/45/70/100% missing HP
Nexus turret health: 3000 ⇒ 3500
Nexus turret resists: 70 ⇒ 60
Nexus turret HP on respawn: 100% ⇒ 40%
6 HP/sec Nexus turret regen: 33/66% ⇒ 40/70% HP
Added a separate tower item for Nexus Turrets to show that they respawn.
Minions
In order to create more windows for successful pushing, we're increasing the rate of minion wave spawns in the mid and late game. In order to not balloon the amount of gold and experience given by these more frequent waves, we're pruning the occasional melee minion out of the mid game and overall reducing the value of super minions and cannon minions. We've also made cannons slightly stronger by increasing their attack damage over game time and clarifying that there are some special rules for them in particular. 
We've also cleaned up some experience calculations under the hood to make it easier to see how much value you're getting out of each minion. Early game breakpoints haven't changed here, but overall experience income is slightly higher and gold income is slightly lower than last season.
At 14 minutes, minion waves now spawn every 25 seconds. When a cannon minion spawns on these waves, one fewer melee minion spawns.
At 30 minutes, minion waves now spawn every 20 seconds. One fewer caster minion spawns on these waves.
Minion to turret damage: 55% ⇒ 60%
Base Movement Speed: 325 ⇒ 350
First cannon minion wave: wave 4 ⇒ wave 3
Cannon AD: 39, +1.5 every 90 seconds ⇒ 39, +1.5 every 90 seconds, then +4 every 90 seconds at wave 15
Super minion base AD: 210 ⇒ 180
Experience share: 95/62/41.3/31/24.8/20.7% ⇒ 100/65/43.3/32.5/26/21.7%
Melee minion XP: 65 (61.75 / 40.3) ⇒ 62 (62 / 40.3)
Melee minion gold: 21 ⇒ 20
Ranged minion XP: 32 (30.4 / 19.84) ⇒ 31 (31 / 20.15)
Cannon/Super minion XP: 100 (95 / 62) ⇒ 75 (75 / 48.75
Cannon/Super minion gold: 60 + 3 every 90 seconds⇒ 50 + 1 every 90 seconds
Cannon minion damage to turrets: 82.5% ⇒ 84%
Cannon minion item updated to show its special rules for attacking turrets.
Champions
With every champion's base crit damage being increased back to 200% this season, we're making some preemptive balance changes to those who currently get at least 25% crit chance in the average game. We want to move many of these champions toward auto attack scaling via their new and improved crit damage and away from ability scaling in order to make these ADCs shine as true auto-attack carries and less like mages. This means we've usually nerfed ability damage through the AD ratio and/or crit scaling ratio as compensation for the impending increase in auto-attack damage. 
When handling critical strike damage in general, we're pushing every ability to scale as a portion of bonus critical strike damage, which we feel most consistently preserves the value of critical strikes. For abilities that are very close to basic attacks in functionality, we tried to preserve a high crit damage ratio and the more spell-like the ability, the less it needs to scale with crit.
Cassiopeia 
While Cassiopeia's no boots passive is very thematic, the addition of more boot based systems over the years (like role quest rewards) has made it feel like a punishment at times instead of a boon. We think it's important for Cassio to have the opportunity to engage with these new systems so we're reworking the passive into a new movement based effect. (We also wanted to do Soobin a solid.)
Base Stats
Base Movement Speed : 328 ⇒ 335 
Passive - Serpentine Grace
Passive Rework : Gain 4-72 Movement Speed (Based on level), but she cannot purchase boots. ⇒ Increased effectiveness of all Movement Speed buffs by 6-40% (based on level). 
Samira 
We like that Samira's R and Q are almost direct auto-attack replacements and want to preserve as much of their crit damage as possible. However, with the value of crit going up, the value of AD must then go down.
Q - Flair
Q Non-Crit Damage : 5/10/15/20/25 (+ 95/102.5/110/117.5/125% total AD) ⇒ 0/5/10/15/20 (+ 110% total AD) 
Q Critical Strike Damage : 1.25/1.65x with IE ⇒ 50% of bonus crit damage: 1.5/1.65x with IE 
R - Inferno Trigger
R Non-Crit Damage : 5/15/25 + 45% total AD ⇒ 20/40/60 + 30% total AD 
R Critical Damage : 1.75/2.15x with IE ⇒ 100% of bonus crit damage: 2.0/2.3x with IE 
Aphelios 
Aphelios has a lot of intricacies and some of his abilities try to behave exactly like basic attacks. With that in mind, we're converting Severum's active to total attack damage in line with similar abilities and generally lowering the bonus AD ratios of several abilities that already scale well due to firing off basic attacks that can crit as part of their cast.
Calibrum
Bonus Damage per Mark : 15 (+ 20% bonus AD) ⇒ 15 (+ 10% bonus AD) 
Severum
Onslaught Damage per Hit : 10/15/20/25/30/35/40 (+ 22/25/28/31/34/37/40% bonus AD) ⇒ (+ 19/22.5/26/29.5/33/36.5/40% total AD) 
Still critically strikes for 100% crit damage (1.75/2.15x ⇒ 2.0/2.3x)
Infernum
Duskwave Active Damage : 25/31.67/38.33/45/51.67/58.33/65 (+ 56/60/64/68/72/76/80% bonus AD) ⇒ 20/35/50/65/80/95/110 (+ 10/11/12/13/14/15/16% bonus AD) 
Follow-up attack still critically strikes for 100% crit damage (1.75/2.15x ⇒ 2.0/2.3x)
Crescendum
Sentry Active Damage : 35/50/65/80/95/110/125 (+ 42/45/48/51/54/57/60% bonus AD) ⇒ 35/50/65/80/95/110/125 (+ 30/32/34/36/38/40/42% bonus AD) 
Still critically strikes for 100% crit damage (1.75/2.15x ⇒ 2/2.3x)
R - Moonlight Vigil
Follow-Up Attack Critical Damage : 1.2/1.6x with IE ⇒ 30% of bonus critical strike damage: 1.3/1.39x with IE 
Caitlyn 
Caitlyn's top-end Headshot damage has gotten out of hand and with the value of critical strikes going up it's about to get even stronger, so we're taking a heavy swing to Headshot's top end. We're also making her R scale with Infinity Edge, as it already scales with critical strike chance, but we're reducing its damage to make room for her stronger basic attacks.
Passive - Headshot
Crit Scaling : 0-148.75/182.75% total AD ⇒ 100%*Bonus Crit Damage (0-100/130% total AD) 
R - Ace in the Hole
Crit Scaling : Up to 1.5x ⇒ 30% of bonus critical strike damage: up to 1.3/1.39x with IE 
Tristana 
Tristana's E is one of the sharpest-scaling abilities in the game, and considering her late game is already poised to be great with a strong attack speed steroid, long range, and lots of crit damage, we think the top end of her E can stand to go down a few pegs.
E - Explosive Charge
Non-crit Damage : 60/70/80/90/100 (+ 100/110/120/130/140% bonus AD) ⇒ 60/85/110/135/160 (+ 80% bonus AD) 
Crit Scaling : 100%: Up to 1.75/2.15x with IE ⇒ 40% of critical strike damage: 1.40/1.52x with IE 
Nilah 
Nilah's in an interesting place where her Q didn't scale with Infinity Edge, so unlocking that avenue marks a small power increase on top of her basic attacks getting better, so we sought to find other ways to slightly lower her late game scaling as compensation.
Base Stats
Attack Speed Growth : 2.25% ⇒ 2% 
Q - Formless Blade
Active Damage : 5/10/15/20/25 (+ 90/95/100/105/110% total AD) ⇒ 0/10/20/30/40 (+ 100% total AD) 
Crit Scaling : Up to 2x ⇒ 80% of bonus crit damage: 1.8/2.04x 
Armor Penetration Crit Scaling : 0-33% ⇒ 0-30% 
R - Apotheosis
Mana Cost : 80 ⇒ 100 
Jinx 
We like the overall shape of how Jinx functions and generally just want to preserve the value of her minigun's high attack speed, so we're making sure her two stances are more distinguished from one another and generally lowering a bit of spell damage to keep her attack-focused.
Base Stats
Attack Speed Growth : 1.4% ⇒ 1% 
R - Super Mega Death Rocket!
Maximum Flat Damage : 250/400/550 (+ 130% bonus AD) ⇒ 200/350/500 (+ 120% bonus AD) 
Jhin 
Jhin won't behave any differently next season as we want to avoid letting his guaranteed crit fourth shot do too much damage.
Base Stats
Multiplicative Crit Damage Mod : 86% ⇒ 75% (1.505x ⇒ 1.5x) 
Sivir 
As Sivir's going to gain a lot of power from stronger Ricochet crits, we're reducing her Q's scaling.
Q - Boomerang Blade
Damage : 60/85/110/135/160 (+ 85% bonus AD) ⇒ 60/85/110/135/160 (+ 70% bonus AD) 
Crit Scaling : Up to 1.5x ⇒ 40%: 1.4/1.52x 
Zeri 
We're updating Zeri's E to crit exactly as a basic attack would, which means re-tuning some of her abilities to make room for that power.
W - Ultrashock Laser
Damage : 30/70/110/150/190 (+ 130% total AD) ⇒ 30/70/110/150/190 (+ 120% total AD) 
Through-Wall Damage : 1.75x, 2.15x with IE ⇒ 75% of bonus critical strike damage: 1.75/1.975x 
Tooltip now shows the enhanced damage
Damage now cosmetically critically strikes its targets when shot through a wall
E - Spark Surge
Damage : 20/22/24/26/28 (+12% bonus AD) ⇒ 17/19/21/23/25 (+ 10% bonus AD) 
Crit Scaling : Up to 1.85x every hit ⇒ 100% of bonus crit damage on crit: 2.0/2.3x 
R - Lightning Crash
Active Damage : 200/300/400 (+ 100% bonus AD) ⇒ 150/250/350 (+ 100% bonus AD)
Lucian 
Lucian's builds are pretty sensible and as a spell-focused ADC, but we want to make sure his spell scaling is good. We're updating R to fire even more bullets with crit damage, which will make crit scale his ult just as well as it scales basic attacks. Considering he's already got extremely strong AD scaling and we want to make sure that Navori Flickerblades feels good, we're bringing down some of his Q's AD scaling.
Base Stats
Attack Damage Growth : 2.9 ⇒ 2.5 
Attack Speed Growth : 3.3% ⇒ 2.5% 
Q - Piercing Light
Damage : 85/115/145/175/205 (+ 60/75/90/105/120% bonus AD) ⇒ 80/115/150/185/220 (+ 100% bonus AD) 
R - The Culling
R Extra Bolts from Crit Chance : Up to 25 ⇒ 100% of bonus crit damage: Up to 22/28 
Total R Bolts : 22-47 (based on critical strike chance) ⇒ 22-44/50 (based on critical strike chance and damage) 
Xayah 
We're updating Xayah's E to care about crit damage and adjusting her E's overall damage profile to be more reliable and less snowbally.
E - Bladecaller
Damage : 55/65/75/85/95 (+ 60% bonus AD) ⇒ 50/65/80/95/110 (+ 40% bonus AD) 
Crit Scaling : Up to 75% ⇒ Up to 50% of bonus crit damage: 1.5/1.65x 
Draven 
Draven is very auto-attack focused and averages about two crit items per game, so he's also in need of some compensation. Considering he's gaining direct auto-attack DPS, we're trying to compensate him directly on the same axis.
Base Stats
AD Growth : 3.6 ⇒ 3 
W - Blood Rush
Attack Speed : 30/35/40/45/50% ⇒ 20/25/30/35/40% 
Yunara 
Yunara has a crit build and an on-hit build, but even her on-hit build almost always picks up Hurricane, so she's getting stronger no matter what she does next season. We're looking for nerfs that will skew more toward low-Attack Speed high-AD crit builds, as they'll be more directly buffed by the global crit damage increase.
Q - Cultivation of Spirit
Attack Speed : 25/35/45/55/65% ⇒ 20/30/40/50/60% 
>R+W - Arc of Ruin
Damage : 175/350/525 (+ 150% bonus AD) ⇒ 160/320/480 (+ 120% bonus AD) 
Akshan 
Akshan's abilities currently scale crit in three different ways and we're making that more consistent here. His passive auto, being functionally a true basic attack, will crit for 100% value. Meanwhile, the crit scaling on E and R are going down as compensation. We're also doing some discretionary adjustments to allow Q-max and E-max to perform at similar levels of power by adjusting their rank-up incentives.
Passive - Dirty Fighting
P second shot crit damage : 30% of bonus crit damage (1.225/1.345x) ⇒ 100% of bonus crit damage: 2/2.3x 
Fixed a bug where the second shot could bypass blind if it didn't crit.
Q - Avengerang
Damage : 5/25/45/65/85 (+ 80% total AD) ⇒ 45/75/105/135/165 (+ 70% bonus AD) 
E - Heroic Swing
Damage : 15/30/45/60/75 (+ 15% total AD) ⇒ 8/16/24/32/40 (+ 25% total AD) 
Crit Scaling : 1.575/1.935x ⇒ 50% of bonus crit damage: 1.5/1.65x 
Clarified that damage scales with attack speed in tooltip.
R - Comeuppance
Crit Scaling : 1.5/1.7x ⇒ 30% of bonus crit damage: 1.3/1.42x 
Gangplank 
Gangplank is one of two champions (alongside Smolder) who we think is going to gain extra power due to Essence Reaver once again building from Sheen. We expect him to perform much, much better with his increased critical strike damage, so we're pulling out many of the unique crit scalars that have been added over the years and delivering an extra hit to his E on top.
Passive - Trial by Fire
Damage : 50-250 (based on level) (+100% bonus AD) (+200% Crit Chance) ⇒ 50-250 (+ 100% bonus AD) (+ 0% crit scaling) 
E - Powder Keg
Bonus Champion Damage : 75 / 105 / 135 / 165 / 195 ⇒ 75 / 95 / 115 / 135 / 155 
Timer no longer reduces to 0.25 seconds at level 19.
No longer deals 5% more damage on critical strike.
Yone 
Yone won't be much different this year. Considering he doubles how much critical strike chance he gets from each item, he just isn't allowed to crit for full damage.
Base Stats
Crit Damage : 1.75/2.15x ⇒ 90% (1.8/2.07x) 
Yasuo 
Yasuo won't be much different this year. Considering he doubles how much critical strike chance he gets from each item, he just isn't allowed to crit for full damage.
Base Stats
Crit Damage : 1.75/2.15x ⇒ 90% (1.8/2.07x) 
Miss Fortune 
Miss Fortune tends to build quite a lot of critical strike chance and we'd like it to stay that way, but she can't just be directly buffed so we're here to compensate some of that value by softening her Q crit mod. For her R, we want to make sure that critical strikes feel like they have some impact, so we're increasing the crit mod slightly, but in order to not push her scaling too hard, have compensated that with a new base damage and a lower AD ratio.
Q - Double Up
Active Critical Damage : 1.75/2.15x ⇒ 50% of bonus crit damage (1.5/1.65x) 
R - Bullet Time
Damage : 80% total AD (+ 25% AP) ⇒ 20 / 30 / 40 (+60% Total AD) (+ 25% AP) 
Crit Scaling : 1.2/1.28x ⇒ 30% of bonus crit damage (1.3/1.39x) 
Tryndamere 
Tryndamere is getting some real gameplay updates with this patch and some very real nerfs due to how much critical strike chance he normally has. To weaken how incredible his early game all-ins can be with 200% crit damage, we're nerfing his early bonus AD from Q and nerfing his early E as well. However, he's also getting some new tools. 
First, his Q now gives full value at 10% remaining health, meaning he can get the full bonus attack damage during his ultimate and it no longer has a disincentive for ranking up. Second, his W will now slow enemies any time they are running away from Tryndamere, regardless of where they were looking when he cast it. We expect this substantial increase in reliability is a big buff, so we've preemptively nerfed the slow itself. Though the slow duration is going down, the AD reduction is still the full four seconds regardless of facing.
Q - Bloodlust
Bonus AD : 5 / 10 / 15 / 20 / 25 (+ up to 15 / 25 / 35 / 45 / 55 based on missing health) ⇒ 0 (+20 / 35 / 50 / 65 / 80 based on missing health) 
Maximum Bonus AD : Max at 0% remaining HP ⇒ Max at 10% remaining HP 
Clarified the per-fury and maximum heal in Q's tooltip.
W - Mocking Shout
No longer slows enemies who are facing away when cast for 4 seconds.
Now slows any enemy while they're facing away from Tryndamere during the 2.5 second debuff.
Slow : 30 / 37.5 / 45 / 52.5 / 60% ⇒ 30 / 35 / 40 / 45 / 50% 
Enemy attack damage is still reduced by 4 seconds.
E - Spinning Slash
Damage : 75 / 105 / 135 / 165 / 195 (+ 130% Bonus AD) ⇒ 70 / 105 / 140 / 175 / 210 (+ 100% Bonus AD) 
Twitch 
Twitch's late game team deletion with 200% crit damage will probably be too fast, so we're targeting some general late-game DPS nerfs.
Base Stats
Attack Speed Growth : 3.38% ⇒ 3% 
Attack Damage Growth : 3.1 ⇒ 3 
Q - Ambush
Bonus Attack Speed : 45 / 50 / 55 / 60 / 65% ⇒ 40 / 45 / 50 / 55 / 60% 
Ashe 
Ashe is already quite attack-reliant and pretty balanced but considering she buys about 1.5 crit items per game, we're lowering her late game a little to make room for the increased damage coming her way.
Base Stats
Attack Speed Growth : 3.33% ⇒ 3% 
Attack Damage Growth : 3.45 ⇒ 3 
Passive - Frost Shot
Crit Scaling : 100% (up to 1.75/2.15x) ⇒ 100% (up to 2/2.3x) 
W - Volley
Damage : 60 / 95 / 130 / 165 / 200 (+ 110% Bonus AD) ⇒ 60 / 95 / 130 / 165 / 200 (+ 100% Bonus AD) 
Smolder 
Smolder, like Gangplank, stands to gain a lot of power from Essence Reaver's changes in this patch so we're taking a swing at how strongly his Q scales with critical strike purchases.
Q - Super Scorcher Breath
Crit Scaling : Up to 1.75/2.15x ⇒ 50% of bonus crit damage (Up to 1.5/1.65x) (also affects passive Q stacks) 
Kindred 
Kindred's E mechanics are rather confusing and they build several critical strike items already. So we're updating the E to be much easier to understand and reducing the numbers. We're also modernizing the E's monster cap to allow for more damage when building AD and ranking up the ability.
E - Mounting Dread
Missing Health Crit : 1.5/1.9x if target is below 25-75% (based on crit chance) Health ⇒ 50% of bonus crit chance and crit damage always (up to 1.5/1.65x) 
Pounce Damage : 1.75/2.15x on crit ⇒ 50% of bonus crit chance and crit damage always (up to 1.5/1.65x) 
Monster Damage Cap : 300 including base damage and bonus AD ratio ⇒ 200 to only the %HP portion (This is a buff in almost all scenarios)
Corki 
Corki isn't particularly strong at the moment, so while this is a nerf on paper, we expect Corki will be overall stronger at the start of the season. This nerf is aimed at weakening his ability to crush a minion wave right before a Recall.
W - Valkyrie
Damage per second : 40 / 55 / 70 / 85 / 100 (+40% bonus AD) (+ 30% AP) ⇒ 30 / 45 / 60 / 75 / 90 (+40% bonus AD) (+ 30% AP)
Shaco 
When Shaco crits during a Backstab or a Deceive, everything crits along with it for his full crit damage, so his top end can be very, very high. We like that he builds for crit sometimes and want to let as many of these tools inherit the new higher base crit damage, but also want to modernize his other scalings to respect crit damage mods more consistently and generally preserve the total power level of Shaco builds that don't buy any critical strike chance.
Passive - Backstab
Damage : 20-35 (based on level) (+25% bonus AD) ⇒ 20-35 (based on level) (+ 20% bonus AD) 
Crit Modifier : 100% (1.75/2.15x) ⇒ 100% (2.0/2.3x) 
Q - Deceive
Backstab Modifier : 1.55/1.95x ⇒ 60% of bonus crit damage (1.6/1.78x) 
Backstab on Crit : 100% (1.75/2.15x) ⇒ 100% (2.0/2.3x) 
Graves 
The functional result of these Graves changes should be almost nothing. He'll deal about 1% more damage with his basic attacks when critically striking.
Base Stats
Crit Damage : 45% of bonus (33.75/51.75%) ⇒ 35% of bonus (35/45.5%) 
Total Damage on Crit : 250-357% total AD ⇒ 252-360% total AD 
Quinn 
As Quinn builds a decent amount of crit and that crit manifests in stronger autos and more passive procs, we're compensation nerfing those same auto-reliant passive procs.
Passive - Harrier
Damage : 10-95 (based on level) (+ 16-50% (based on level) total AD) ⇒ 15-120 (based on level) (+ 40% bonus AD) 
Senna 
Like Jhin, Yasuo, and Yone, Senna's guaranteed critical strikes cannot sustain a 2x modifier, so we're lowering her base crit damage down to a value similar to last year.
Base Stats
Crit Damage : 100% of total crit damage (1.75/2.15x) ⇒ 90% of total (1.8/2.07x) 
Garen 
Critical strike chance on Garen is pretty good since both his basic attacks and Judgment are improved by it. We want to continue to make space for non-crit Garen builds, so we're compensating the global critical strike damage increase and updating the calculation to properly discount bonus crit damage.
E - Judgement
E Crit Ratio : 80% of total (1.4/1.72x) ⇒ 30% of bonus (1.3/1.39x) 
Rengar 
Rengar is getting a heavy re-script. This is mostly intended to maintain current functionality and feel, while addressing bugs and tech debt. The list of bug fixes is too long to add here so it'll be added to the bugs section. Alongside the crit changes, we're looking to make Rengar's Q work more intuitively by letting the underlying attack itself roll for critical strikes, and if so, deal bonus damage based on his total AD. This removes an optimization around rushing Infinity Edge to enhance the old forced-crit mechanic and also makes him not immediately lose 30% of his damage if his opponents build Randuin's Omen. We'll keep an eye on lethality-vs-crit Rengar and how it performs next season as we suspect Essence Reaver will be a big deal on him.
All abilities rescripted
Q - Savagery
Q is now consumed on plants
Q is no longer always always considered a critical strike
Q damage no longer deals up to 101.25% total AD bonus damage based on crit chance and damage
Q now deals 100/130% total AD bonus damage if Rengar crits the attack.
Viego 
Viego buys a decent amount of crit chance and we want to make sure those crits allow him to play out a consistent auto-attack pattern, so the larger nerfs are to the active damage of the Q and R.
Q - Blade of the Ruined King
% Current HP Crit Scaling : 100% of total (1.75/2.15x) ⇒ 50% of bonus (1.5/1.65x) 
Second Strike Crit Scaling : 100% of total (1.75/2.15x) ⇒ 100% of bonus (2/2.3x) 
Active Crit Mod : 100% of total (Up to 1.75/2.15x) ⇒ 50% of bonus (Up to 1.5/1.65x) 
R - Heartbreaker
Crit Scaling : Up to 2x ⇒ 70% of bonus (Up to 1.7/1.91x) 
Elise 
Elise is in a silly spot where ability power quickly fails to scale her damage against monsters after the mid game. We're delivering a change that will be a slight buff on average but is primarily meant to let her damage scale up with AP like it would for anyone else.
Q - Neurotoxin / Venomous Bite
Monster Damage Cap : 75/100/125/150/175 ⇒ 65/85/105/125/145 (+ 90% AP) 
Maximum Damage to Monsters : 115/170/225/280/335 ⇒ 105155/205/255/305 (+ 90% AP) 
Jax 
Now that the top lane quest can raise champion levels to 20, we're looking for any champions who intermittently scale their passives and giving them another breakpoint if they deserve one. Jax is one such champion who's gaining a bit more attack speed at level 19.
Passive - Relentless Assault
Now gains an additional 1.5% attack speed per stack at level 19.
Omnivamp
As we add Omnivamp items back into the game, we've discovered a few ways in which the previously reworked (24.1) Omnivamp stat isn't doing its job well enough. We're updating it here to function fully as life steal, and for it to serve its purpose correctly when used against Minions.
Omnivamp: Now applies at 100% value, reduced to 33% value from pets, damage over time damage, and area effect spells against Minions.
Doran's Blade
Now that Omnivamp covers the needs of Doran's Blade as a laning item, we're adding it back into the item in place of the Life Draining passive. Jack Of All Trades enjoyers rejoice!
Removed: Life Draining passive
Added: 2.5% Omnivamp
New Items
For this Season Start, we took a look at itemization across all of League's classes and subclasses and made at least one item for each class, focusing on subclasses that have less existing itemization support to make sure that every subclass has a healthy number of satisfying items for champions to buy. There's also a few returning items from the past and a number of changes to existing items to refresh and improve the item system as a whole.
Dusk and Dawn
Most AP fighters have incentives in their kit to autoattack, but they have very little access to items that actually support that pattern since Lich Bane and Nashor's Tooth don't offer the defensive stats that this subclass often needs. Dusk and Dawn offers a Sheen pattern that doubles on-hits to help champions in this space live their dreams of sustained combat with lots of additional on-hits to enhance whatever their kit is already doing.
Build Path: Sheen + Blasting Wand + Kindlegem + Dagger + 300g
Total Gold Cost: 3100g
Ability Power: 70
Health: 300
Ability Haste: 20
Attack Speed: 25%
Spellblade (1.5s cooldown): After using an Ability, your next Attack deals 100% base AD + 10% AP bonus magic damage on-hit and applies on-hit effects an additional time.
Fiendhunter Bolts
When marksmen look at Zeal items, we want them to have different options to choose from that are good in different situations or good for particular champions. Fiendhunter bolts allows for a concentrated moment of power after casting an ultimate, which is particularly exciting for the marksman that already have that pattern like Twitch, Zeri, or Yunara. Some others might like the ultimate haste this item offers, or just want to be able to get immediate combat value after ulting.
Build Path: Zeal + Scout's Slingshot + 850g
Total Gold Cost: 2650g
Attack Speed: 40%
Critical Strike Chance: 25%
Movement Speed: 4%
Night Vigil: Gain 30 Ultimate Haste.
Opening Barrage (45s cooldown): After casting your Ultimate, your next 3 basic attacks within 8s gain 50% attack speed and critically strike for 75% of your normal critical strike damage. If an attack would already critically strike, it deals normal critical strike damage and also deals 10% bonus true damage.
Endless Hunger
Since the removal of Goredrinker and the removal of omnivamp on Eclipse, AD caster fighters have had little to no access to sustain via the item system. Endless Hunger is a heavy AD-scaling item that rewards building high amounts of AD and can lead to some awesome popoffs in teamfights if you can get a takedown and keep casting through the enemy team.
Build Path: Caulfield's Warhammer + Pickaxe + 1075g
Total Gold Cost: 3000g
Attack Damage: 60
Tenacity: 20%
Omnivamp: 5%
Famine: Gain (5 + 10% bonus AD) Ability Haste
Feast: When a champion that you damaged within 3 seconds dies, gain 15% omnivamp for 8 seconds.
Bastionbreaker
Most AD assassins aren't particularly good at ending games, even when they are capable of getting lots of kills. This can lead to pretty frustrating situations where the assassin player feels like they don't have the tools they need to complete the game, and the players on the receiving end get continuously killed and stay trapped in a game where they can't survive. Bastionbreaker gives AD assassins a new luxury item that can help them close out games by giving them large amounts of damage to epic monsters and turrets as long as they're building lots of lethality and can kill some takedowns.
Build Path: Brutalizer + Serrated Dirk + 863g
Total Gold Cost: 3200g
Attack Damage: 55
Lethality: 22
Ability Haste: 15
Shaped Charge: Dealing Ability damage to a champion or epic monster deals an additional (30 + 150% lethality) true damage.
Sabotage: Taking down a champion within 3 seconds of damaging them grants Sabotage for 90 seconds. While you have Sabotage, your next attack against an epic monster or turret deals an additional (300 + 2500% lethality) true damage over 3 seconds.
Actualizer
It's been a while, but we've got a new active item. This one is made to support mana-stacking builds, to create more builds where mana isn't just a limitation but instead make it so that it can be an advantage to have large amounts of mana available to you. Activating Actualizer significantly increases your manacosts in exchange for lower cooldowns and more ability damage, healing, and shielding for a short duration, so get your mana items ready for a very powerful popoff moment.
Build Path: Lost Chapter + Blasting Wand + 1050g
Total Gold Cost: 3100g
Ability Power: 90
Mana: 300
Ability Haste: 10
[ACTIVE] Mana Made Real (60s cooldown): For 8 seconds, your mana is Empowered. While Empowered, your spells cost 100% more mana, you gain (15 + .005% bonus mana)% increased ability damage, healing, and shielding, and your basic ability cooldowns progress 30% faster.
Hexoptics C44
We've always wanted to support more diversity in crit marksman builds after the first item, so Hexoptics C44 is here to add an additional option for those looking to opt into big teamfight outputs. If you can get one takedown, you can get some extra range to help you secure more kills, and on top of that you also get some bonus damage scaling based on how well you can space your opponents.
Build Path: Pickaxe + Noonquiver + Long Sword + 275g
Total Gold Cost: 2800g
Attack Damage: 50
Critical Strike Chance: 25%
Magnification: Deal up to 10% increased damage with attacks, based on how far away the enemy is (max damage at 750 range).
Arcane Aim: When a champion that you damaged within 3 seconds dies, gain 100 additional attack range for 6 seconds.
Bandlepipes
Tank supports don't have very many items, and the ones they do have generally focus on helping them roam or protect their allies. We wanted to go a different direction this time, instead giving them a team-wide attack speed aura you can keep up in fights as long as you're able to frequently apply crowd control to your enemies.
Build Path: Kindlegem + Cloth Armor + Null-Magic Mantle + 500g
Total Gold Cost: 2000g
Health: 200
Armor: 20
Magic Resistance: 20
Ability Haste: 15
Fanfare: Slowing or Immobilizing an enemy champion grants Fanfare for 8 (melee) / 4 (ranged) seconds. Fanfare grants 20 Movement Speed. While you have Fanfare, nearby allies, including yourself, gain 30% (melee) / 20% (ranged) attack speed.
Protoplasm Harness
Tanks have lots of tools to make them more durable in different ways, but Protoplasm Harness offers them a Lifeline item that has some movespeed and tenacity to enable a choice: do you want to keep going forward, or do you want to try to leave the fight? If you're tanky enough to survive, you can even get the full benefits from the healing over time this item grants, which scales with your armor and magic resistance to make sure it slots well into resistance-building tank builds.
Build Path: Kindlegem + Giant's Belt + 800g
Total Gold Cost: 2500g
Health: 600
Ability Haste: 15
Lifeline: Taking damage that would reduce your health below 30% causes you to gain 200 maximum health for 5 seconds, then heal (200-400 [level scaling] + 250% armor + 250% magic resistance) health over the duration. While regenerating health, you gain 15% increased size, 10% Movement Speed, and 25% tenacity.
Whispering Circlet / Diadem of Songs
This is a two-item pair for enchanters: a new evolving Tear item. Some enchanters really like mana and some even step into the mage system to get it, so we're going to offer a new item that allows them to get flat mana from the enchanter system but also scales well with additional mana purchases if anyone does want to get into a heal-based mana-stacking build.
Whispering Circlet
Build Path: Forbidden Idol + Ruby Crystal + Tear of the Goddess + 850g
Total Gold Cost: 2250g
Health: 200
Mana: 300
Base Mana Regeneration: 75%
Heal and Shield Power: 8%
Harmony: Gain (.005% bonus mana)% Heal and Shield Power.
Manaflow: Landing Abilities grants 4 max mana (doubled vs champions). Transforms into Diadem of Songs at 360 max mana.
Diadem of Songs
Health: 200
Mana: 1000
Base Mana Regeneration: 100%
Heal and Shield Power: 8%
Harmony: Gain (.005% bonus mana)% Heal and Shield Power.
Consonance: While you or any ally you've healed or shielded in the last 3 seconds is in combat with champions, each second, heal the lowest health nearby ally champion for (.008% bonus mana).
Returning Items
Hextech Gunblade
Gunblade is one of the most requested removed items, as well as a popular item in alternate game modes despite a relatively limited champion user pool. We think that we can control some of the negative gameplay of this item with tuning, especially on the amount of Omnivamp granted and on the frequency with which users can apply the powerful active effect, so we think this is safe to add back in.
Build path: Vampiric Scepter + Hextech Alternator + Amplifying Tome + 600g
Total Gold Cost: 3000g
Ability Power: 80
Attack Damage: 40
Omnivamp: 10%
[ACTIVE] Lightning Bolt (60s cooldown): Shock the target enemy champion, dealing (175-253 [level scaling] + 30% Ability Power) magic damage and slowing them by 25% for 1.5 seconds.
Stormrazor
Stormrazor complements our efforts at increasing the variety of items available to critical strike-using champions, providing another Energized effect in that system. Stormrazor will be our second Attack Damage + Attack Speed + Critical Strike option in the ecosystem, lowering the degree to which critical strike build paths funnel through Yun Tal Wildarrows.
Build Path: B. F. Sword + Cloak of Agility + Scout's Slingshot + 700g
Total Gold Cost: 3200g
Attack Damage: 50
Attack Speed: 20%
Critical Strike Chance: 25%
Energized: Moving and Attacking generates an Energized Attack.
Bolt: Your Energized Attack applies 100 bonus magic damage and grants 45% Movement Speed for 1.5s.
Updated Items
Unending Despair
The dual resistance version of Unending Despair was intended to slot well into health-stacking builds in the second or third slot, but it ended up being so generically useful that it overrode the choice structure in top and jungle tank builds regardless of what their first item was. We're returning it to armor-only, but this version has a bit more ability haste in order to differentiate it from the other armor plus health items in the tank system.
Build path: Aegis of the Legion + Giant's Belt + 800g ⇒ Chain Vest + Kindlegem + Ruby Crystal + 800g
Total Gold Cost: 2800g (unchanged)
Armor: Increased from 25 ⇒ 50
Magic Resistance: 25 ⇒ 0 (REMOVED)
Ability Haste: Increased from 10 ⇒ 15
Aegis of the Legion
Without Unending Despair, Aegis as an epic item doesn't build into anything and doesn't have any items that it makes sense to build into. As such, it's being removed.
Removed from the game
Horizon Focus
Horizon Focus has bounced around between an artillery mage item, a crowd control synergy item, and a control mage item over the past few years. We're going back to the artillery mage version since that was high-fantasy and exciting for that subclass, whereas the other versions have been mostly functional but not particularly interesting for the other subclasses this item has supported.
Build Path: Fiendish Codex + Fiendish Codex + Blasting Wand + 200g ⇒ Fiendish Codex + Fiendish Codex + Amplifying Tome + 600g
Total Gold Cost: 2750g ⇒ 2700g
Ability Power: 125 ⇒ 75
Ability Haste: 25 (unchanged)
Hypershot: Dealing ability damage to champions at 600 range or more units away from the cast position reveals them for 6 seconds ⇒ Dealing ability damage to champions at 600 range or greater reveals them for 6 seconds. Deal 10% increased damage to enemies revealed by Hypershot.
Focus (30s cooldown): When Hypershot is triggered, reveal all other enemy champions with 1400 range of them for 3 seconds.
Sundered Sky
With base critical strike damage going up, Sundered Sky needed to be retuned, and we also believe it's a bit too generically powerful as it is now, so we're doing some adjustments that should be overall slightly power down and make the item a little bit less generically appealing to help let other fighter items shine in the system.
Attack Damage: 40 ⇒ 45
Lightshield Strike: Critical strike damage decreased from 100% ⇒ 80%
Lightshield Strike Cooldown: 8s ⇒ 10s
Luden's Companion
Guns are cool, but so are staves. We're bringing this back to the old name.
Name: Luden's Companion ⇒ Luden's Echo
Icon: Reverted to the staff
Echoes of Helia
Echoes of Helia was intended to help fill in the space between the enchanter and mage system, but it ended up being a bit too far towards the enchanter space and didn't quite fill that space. We're making it more synergistic with mage items and more accessible by making it less necessary to be spamming both heals/shields and damage effects which made it unnecessarily narrow.
Kindlegem + Bandleglass Mirror + 500g (2200g)
35 Ability Power
200 Health
125% Base Mana Regen
20 Ability Haste
Soul Siphon: Gain 35% of pre-mitigation damage dealt to champions as Soul Charges, up to (80-250 [based on level]) charges. Healing or shielding an ally consumes all Soul Charges to restore 100% of that value as health.
Essence Reaver
Sheen Essence Reaver is back! Previously it was removed in favor of a statstick Reaver that was intended to be more broadly appealing, but as it turned out while it did serve some additional champions it ended up just being a fairly flat and unexciting item, so we're bringing back the Sheen with some tweaks to make this version of Sheen Essence Reaver more balanceable.
Build Path: Pickaxe + Caulfield's Warhammer + Cloak of Agility + 375g ⇒ Sheen + Caulfield's Warhammer + Cloak of Agility + 350g
Total Gold Cost: 2900g (unchanged)
Attack Damage: 60 ⇒ 55
25% Crit Chance
Ability Haste: 15 ⇒ 20
Spellblade (1.5s cooldown): After using an ability, your next attack deals (125% base AD + [50 * crit chance]) bonus physical damage and grants 50% of the damage value as mana on-hit.
Essence Drain passive is removed.
Umbral Glaive
In its current form, Umbral Glaive is tailored to fit supports and is not structured to be powerful for anyone that has a real income. This has led to it being a fairly unpopular and mostly unsatisfying item, and it's not fulfilling its purpose as a way for AD assassins to have an advantage in interacting with the vision system. We're giving it an update to make it more functional for jungle and midlane assassins while still looking to retain some of the aspects that make it very exciting to buy as a support for the Pyke players out there.
Build Path: Serrated Dirk + Caulfield's Warhammer + 450g ⇒ Serrated Dirk + Caulfield's Warhammer + 750g
Total Gold Cost: 2500g ⇒ 2800g
Attack Damage: 55 ⇒ 60
Ability Haste: 10 ⇒ 15
Lethality: 15 ⇒ 18
Nightstalker: After being unseen by enemies for 1 second, your next attack against a champion deals an additional (50 + 150% lethality) true damage.
Blackout (90s cooldown): When you are near enemy Stealth Wards and traps, reveal them for 8 seconds. While revealing wards, your attacks deal 3 (melee) / 2 (ranged) damage to them.
Extinguish is removed. (It's rolled into the above Blackout)
Redemption
Redemption has been an extremely broadly appealing item for supports recently, especially in pro play. When it was first made we had many fewer tank support items and it was intended to be purchasable for both enchanters and tank supports. In the current day, we don't need Redemption to be as broadly appealing so we're pushing it more towards the enchanter space to make sure it works very well for them and making it a higher opportunity cost for tank supports to pick up so that it's not first slot for almost every support every game.
Build path: Kindlegem + Forbidden Idol + 900g ⇒ Fiendish Codex + Forbidden Idol + 850g
Total Gold Cost: 2300g ⇒ 2250g
Health: 200 ⇒ 0
NEW 30 Ability Power
Zeke's Convergence
All our other ultimate trigger items give ultimate haste, and Zeke's has room for a bit more power and could be a bit more unique in the tank support item space, so we're giving it a bit of ultimate haste to spice it up.
NEW : Cryocombustion: Gain 15 Ultimate Ability Haste.
Tear Items (Muramana, Fimbulwinter)
We're bringing back the ability to stack multiple Tear items for those games that are really going long and you want to get max value out of every item slot. Also, we've been happy with the effects of increasing the flat mana on Seraph's Embrace a bit, so we're extending that to Muramana and Fimbulwinter.
Tear (Manaflow items)
Unique ⇒ Semi-unique
You can now have one stacking Tear item in your inventory at any given time. Once your Tear item transforms, you can get a new Tear and stack all over again!
Muramana
Mana: 860 ⇒ 1000
Fimbulwinter
Mana: 860 ⇒ 1000
Mortal Reminder
We're doing a pass on crit Last Whisper items here to help make marksman crit damage a little lower against squishy targets and a bit better against tankier targets.
Build Path: Executioner's Calling + Last Whisper + Cloak of Agility + 450g ⇒ Executioner's Calling + Last Whisper + Cloak of Agility + 150g
Cost: 3300g ⇒ 3000g
Armor penetration: 35% ⇒ 30%
Lord Dominik's Regards
We're doing a pass on crit Last Whisper items here to help make marksman crit damage a little lower against squishy targets and a bit better against tankier targets.
Build Path: Last Whisper + Noonquiver + 350g ⇒ Last Whisper + Noonquiver + 550g
Cost: 3100g ⇒ 3300g
Armor penetration: 40% ⇒ 35%
NEW: Giant Slayer: Deal up to 15% bonus damage against champions based on their bonus health. Maximum damage bonus reached at 1500 bonus health.
Yun Tal Wildarrows
Yun Tal was intended to be a powerful scaling first item with some tradeoffs in terms of its immediate power, but it's so generically powerful that it's crowding out the first item space for crit marksmen. This is a little bit of a power shift to make its unique first item aspect (attack speed) stand out, but also a little bit of power down to make it more comparable to other first items in terms of power.
Build Path: B. F. Sword + Scout's Slingshot + Long Sword + 750g ⇒ B.F. Sword + Scout's Slingshot + Long Sword + 850g
Cost: 3000g ⇒ 3100g
Attack Damage: 55 ⇒ 50
Attack Speed: 35% ⇒ 40%
Infinity Edge
With baseline crit damage changes, of course Infinity Edge needs a bit of retuning. We want it to remain a powerful capstone item, but with baseline crit being higher it can't give quite as much critical strike damage.
Build Path: B.F. Sword + Pickaxe + Cloak of Agility + 675g ⇒ B. F. Sword + Pickaxe + Cloak of Agility + 725g
Cost: 3450g ⇒ 3500g
Attack Damage: 65 ⇒ 75
Critical Strike Damage: 40% ⇒ 30%
Symbiotic Soles
The functionality of Symbiotic Soles was incorporated into the mid lane lane role quest so we chose to remove the item now that it’s a reward for the mid-lane role. While this change does take a boots option away for other roles we want the power associated with this item to reside with the mid lane.
Removed.
Vigilant Wardstone
The functionality of Wardstone was rolled into the support role quest so there’s no longer a need for it to be an item.
Removed.
SR Ranked and Matchmaking
2025 Season 3 End and 2026 Season 1 Start
The S3 Ranked 2025 season will end on local server time 2026-01-07 at 23:59:59. Ranked Queues (Solo/Duo and Flex) will be disabled briefly as the season ends. S3 2025 Ranked Reward Mission will end at around the same time.
Shard Transfers will be disabled 2026-01-07 at 00:00 PST globally while we prepare to grant ranked rewards.
Ranked Season 1, 2026 will start on local server time 2026-01-08 at 12:00:00. Ranked Queues (Solo/Duo and Flex) will be re-enabled on season start. Season 1 2026 Ranked Reward Missions will start at the same time.
When the new season starts in 2026, player ranks will reset, and after playing 5 provisional games, players will be assigned a starting rank of the season to climb with.
End of Season Year 2025 Ranked Rewards
A quick recap from 25.24 patch updates: the end of season year rewards will include not only the Victorious Draven Skin and Chromas, but also accessories that celebrate your highest rank achieved during 2025. 
Additional accessories include:
Victorious Skin Border that is compatible with all 3 Victorious Skins of 2025 (requires owning all 3 Victorious skins of the year)
2025 Ranked Emote
2025 Ranked Icon
In order to receive rewards players must have an honor level of 3 or above.
Aegis of Valor
As detailed in /dev: Ranked 2026 dev blog, we'll be launching the Aegis of Valor alongside the 2026 season start. If you are autofilled and get mastery C or above rating, you will have no LP deduction on a loss, or you'll gain double LP gain for a win. In order to make sure autofilled players are trying their best we've also made some behind-the-scenes updates to the Mastery System to better detect player contribution.
Autofill status won't go away by dodging the champ select. If a player dodges an autofilled game during champ select, the status would carry on until the player plays their autofilled game.
For Master or above players, dodging a ranked champ select would cost more LP.
Ranked Flex will have better and more reasonable skill rating based on your Solo/Duo queue rank.
Apex Duo Restriction Update for Solo/Duo Queue
For most regions (excluding KR and CN), you can now duo queue all the way to Challenger, with the premade party lower band at Diamond 1. We've also made updates to improve our high-ranked premade MMR offset to make sure the high rank duo play is both fair and competitive. 
Duo queue specs are as follows:
D1 can duo with D3-D1, Master, Grandmaster and Challenger.
Grandmaster can duo with D1, Master, Grandmaster, Challenger
Challenger can duo with D1, Master, Grandmaster, Challenger
Master can duo with D1, Master, Grandmaster, Challenger
For CN, duo queuing is allowed up to Master with the premade party lower band at D1. CN Grandmaster and Challenger can only solo queue.
For KR, Master, Grandmaster and Challenger can only solo queue.
For CN and KR, similar to previous years, their APEX duo MMR restriction (CN at Grandmaster target MMR, KR at Master target MMR) will be temporarily disabled for 26.1, so if you are Grandmaster MMR in CN, or Master MMR in KR, if you have not achieved the visual Rank because you are still climbing, you can still duo. Visual Rank restrictions will always be on.
Swiftplay
Swiftplay has found a regular audience, and it's become clearer who this queue is for and what their needs are in detail. This season we're taking a major swing at moving Swiftplay closer to its long-term goal of providing a shorter, faster-paced, but still authentic Summoner's Rift experience. In this update, you can expect to see a more significant divergence from the base rules in order to give an accelerated game start, a generally shorter and more action-packed game loop, and a more forgiving experience for off-meta picks, especially in the Jungle. 
Swiftplay is inheriting most of the changes to Summoner's Rift in this patch, with the notable exception of Role Quests. Lane phase is a much shorter experience in Swiftplay, and we wanted to avoid creating another situation where there is simply too much to do during this part of the game and not enough time to do it.
Start of Game Flow
Swiftplay will be inheriting the accelerated start-of-game flow from regular Summoner's Rift. In addition, champions will start at level 3 with 1400 gold, moving much more quickly into the action. 
In order to facilitate this, we've swapped out the Doran's items for the Guardian's starting items. These have exactly the same stats and effects in Swiftplay that they have in ARAM. 
Off-meta junglers in particular should benefit from this flow, as a large number of off-meta junglers are filtered out by their relatively poor (or almost impossible, in some cases!) first clears.
Starting Level: 1 ⇒ 3
Starting Gold: 500g ⇒ 1400g
Doran's Blade, Doran's Shield, and Doran's Ring have been removed from the item shop.
Guardian's Horn, Guardian's Orb, Guardian's Blade, and Guardian's Hammer have been added to the Swiftplay item shop.
Objectives
Swiftplay has all the same objectives as regular SR, condensed into a much shorter time period. This results in a too-dense strategy game that forces players to constantly be in the right place at the right time, without creating enough space to actually push down turrets and bring the game closer to its end. 
This has a particularly unwelcome effect on the jungler, who ends up playing an even-higher-pressure version of the role, despite Swiftplay's promise of lower stakes. 
Game-ending power is generally more accessible than before, with some updated Dragon Soul and Elder Dragon spawn rules and a more potent Hand of Baron buff.
Void Grubs have been removed.
Rift Herald has been removed.
Baron Nashor now spawns at 12:00
The Hand of Baron buff now persists through death.
Atakhan has been removed, just as in other SR queues.
Elemental Drakes now spawn a maximum of twice.
Dragon Soul is now awarded if a team manages to kill both Elemental Drakes.
The Elemental Rift transformation now occurs after the first Elemental Drake is killed, and matches the element of the second Elemental Drake.
Elder Dragon now spawns at 15:00. If there is an Elemental Drake in the pit when Elder Dragon is spawning, it despawns.
If no Elemental Drakes are killed, the Elemental Rift transformation does not occur.
Pacing Changes
We've made a large number of under-the-hood changes to accelerate the game, aiming at a much higher action, shorter game loop than before. 
Notably, gold and experience should scale up faster than before, while death timers are significantly shorter through most of the game. As noted above, new Homeguard rules are present in Swiftplay, and significantly faster than on regular SR. Minions scale up even faster, with a Cannon Minion in every wave, and Sudden Death comes online 5 minutes sooner.
Rubberbanding start time: 4:00 ⇒ 0:30
Gold and experience accelerate faster over game time
Rubberbanding slightly decreased per instance of gold or experience earned
Rubberbanding can no longer add more than 100% to the value of a single source of gold or experience.
Bugfix for gold acceleration from game time and rubberbanding double counting for some gold sources.
Turrets begin to lose resists: 25:00 ⇒ 20:00
Turrets begin to burn down from Sudden Death: 30:00 ⇒ 25:00
Death timers by level: 10s - 52.5s ⇒ 10s - 40s
Death timers no longer scale up with game time until 25:00, scaling up to a maximum of +50% by 27:30.
Minions scale up 50% faster
Cannon Minion health scaling: 85 ⇒ 100
Start of minion waves spawning every 25 seconds
There is now a Cannon Minion in every Minion Wave from the third wave on.
Turrets deal reduced damage to Cannon Minions
Minion damage to turrets multiplier: 50% ⇒ 60%
Minion Frenzy
The combination of shorter death timers and faster movement out onto the battlefield significantly increases the amount of PvP action you can expect to experience in Swiftplay, but it also has the potential of grinding the game to a halt, as you simply can't make enough progress at destroying the enemy team's base before they respawn and get back into the action. 
To address this, we're adding a new feature to Swiftplay only: Minion Frenzy. When you kill an enemy champion, your nearby allied minions will frenzy, gaining a large amount of movement speed, attack speed, and damage to minions and turrets. They'll push towards the enemy's base, translating champion kills more directly to turret damage. 
If you kill a champion with no minions around, you'll receive a marker buff that you can bring over to a minion wave – the next time you go near an allied minion, you'll cause them to frenzy.
Minion movement speed: +125
Minion attack speed: +100%
Minion damage to enemy minions and turrets: 150% – 250% by game time (scaling linearly from 1:00 to 20:00)
Minions spread Frenzy to other nearby allied minions in the same lane
Champion marker buff duration: 90s or until death
Frenzy duration: 10s – 30s by game time
Jungle Changes
We have a small number of changes intended to make the Jungle a more comfortable position in Swiftplay.
Stacks required to complete Jungle Quest: 30 ⇒ 25
Red Brambleback and Blue Sentinel respawn times: 300s %rArr; 270s
Murk Wolves, Raptors, Gromp, and Krugs camp respawn times: 135s %rArr; 120s
Nearby allies now receive 30% of the gold value for non-epic jungle monsters killed. The killer still receives 100% value.
Arena
With the start of a new season of League of Legends we didn't want to leave Arena out of all the fun and are introducing many of the brand new items into Arena, a new Fame track, New Augments, and some light balance changes. We've promised you all a larger Arena update later this year and we're still hoping to deliver that, but we felt like we could sneak in some new toys to celebrate the start of a new season.
General
Critical Strike Damage 
Critical Strike Damage increased from 190% > 200%
Fame Track
With a new Fame Track comes new augments to augment your builds, you'll unlock these as you gain fame from playing the mode.
Hybrid - 100 Fame
Righteous Fury - 1,600 Fame
Combat Intro Card - 3,600 Fame
Panic Room - 6,100 Fame
Bonus Reroll - 9,100 Fame
Multitool - 12,600 Fame
Energetic - 16,600 Fame
Combat Intro Card - 21,600 Fame
Hive Mind - 26,600 Fame
Aim for the Head - 31,600 Fame
Quest: Rite of the Forge God - 37,600 Fame
Combat Intro Card - 47,600 Fame
Augments
We're introducing 9 new augments to the mode.
(New) Hybrid 
Hitting an Ability boosts your next Attack. Hitting an Attack boosts your next Ability.
(New) Righteous Fury 
Healing/Shielding increases your Ability damage for the round.
(New) Panic Room 
The first time you would die, instead be safely whisked far away.
(New) Multitool 
Gain a special item that becomes a new item of your choice each round.
(New) Energetic 
Become Energized much faster. Triggering Energize shoots magic missiles.
(New) Hive Mind 
Attacking plants harvest Bees! Damaging enemies launches the Bees at them.
(New) Aim for the Head 
Your Crit Chance is capped lower. Gain a ton of Crit Damage.
(New) Quest: Rite of the Forge God 
After buying some Item Anvils, all your Items become Masterwork.
(New) Unshackled 
You can now cast your ultimate on allied champions. Gain 50 Ultimate Haste.
Champions
Zaahen has been a dominant champion in Arena since his release, so we feel like we should step in and make some adjustments here..
Zaahen 
Passive AD ratio: 1.5-2.8 ⇒ 1-2
Passive Heal Amount: 30%-75% ⇒ 30%-45%
Q AD ratio: 20-60% ⇒ 10-50%
Q Champ Healing: 5%-9% ⇒ 3%-7%
R Damage: 250/400/550 200% bonus AD ⇒ 200/350/500 150% bonus AD
Items
We're bringing over all the new items from Summoner's Rift into Arena, with the exception of Bastionbreaker, as its focus on objectives doesn't make a lot of sense in Arena.
Bugfixes
Fixed a bug where Die Another day wouldn't cast if you were untargetable when you pressed it.
ARAM Mayhem
Champions
Ivern 
Damage Dealt: 95% ⇒ 100%
Shielding Done: 80% ⇒ 100%
Janna 
Damage Dealt: 95% ⇒ 100%
Damage Taken: 105% ⇒ 100%
Healing: 90% ⇒ 100%
Shielding: 95% ⇒ 100%
Karma 
RQ Bonus Damage: 40 / 90 / 140 / 190 ⇒ 40 / 100 / 160 / 220
Milio 
Healing: 95% ⇒ 100%
Shielding: 90% ⇒ 100%
Ability Haste: -10 ⇒ 0
Nami 
Damage Dealt: 95% ⇒ 100%
Damage Taken: 105% ⇒ 100%
Renata 
Damage Dealt: 95% ⇒ 100%
Shielding: 80% ⇒ 100%
Sona 
W Heal Ratio: 20% ⇒ 30%
W Shield Ratio: 20% ⇒ 25%
Q Cooldown: 10s ⇒ 8s
Augments
Snowball Roulette 
Augment Tier: Prismatic ⇒ Gold
It's Killing Time 
Instead of storing damage from all sources, now only store from the augment owner.
Flashy 
Instead of refreshing 1 charge every 180s, will now refresh all 3 charges every 120 seconds.
Quest: Steel Your Heart 
We've updated the functionality of the reward to now multiply future stacks by 3 and not just the stacks at the time of completion.
The tooltip implied this but it didn't actually work this way, so we're just making it do that to match the expectation and so Heartsteel can go brr.
Quest: Urf's Champion 
Golden Spatula Stats:
Attack Damage: 60 ⇒ 90
Ability Power: 80 ⇒ 110
Movement Speed: 5% ⇒ 10%
Immolate Range: 300 ⇒ 400
Bug Fixes
Fixed a bug where Ultimate's Awakening's buff bar is displaying incorrect Ability Haste.
Add a cooldown tracker for Ultimate Awakening.
Fixed a bug where Executioner is not working with Renger's basic abilities.
Fixed a bug where Orbital Laser's Ground damage is doing incorrect damage to minions.
Fixed a bug where Orbital Laser is tracking damage dealt to minions.
Fixed a bug where Gold Rend fails to function if your ally also takes it.
Demacia Rising
Demacia Rising is a new metagame that will be playable for the entirety of Season 1. 
You play as Lux, who is being mentored by her aunt Tianna in the ways of military strategy. This begins with a history lesson — the founding of Zeffira, Demacia's first settlement, in the great petricite forests of old. 
In Demacia Rising, you will expand the kingdom, produce resources, train an army, research powerful upgrades to your army and towns, and defend the burgeoning nation from threats alongside several of League's champions. 
The game will be updated several times during Season 1, and new upgrade tiers, research items, story, units, champions, threats, and events will become available. 
In order to build your kingdom, you will need Silver Shields, a resource earned primarily by playing games of League of Legends and Teamfight Tactics.
Daily and weekly missions will be available to provide large amounts of Silver Shields. Playing LoL or TFT and completing missions will earn enough Silver Shields to finish the entire game.
Purchasing the Battle Pass will instantly reward Silver Shields, and also increase the amount you earn from the recurring mission.
Playing a game with a skin released during Season 1 will reward a one-time bonus of Silver Shields.
If you want to learn more then check out our support article for Demacia Rising!
Lobby Hostage Taking & Player Behavior Updates
Trying to manipulate other players to do what you want, pushing a dodge penalty onto someone else, or playing out a game with something like disco Nunu just isn't something we want in League. Starting with this patch we've added the capability to terminate lobbies during champion select with detection systems that will evaluate players for hostaging when they're reported in champion select . We don't expect it to be perfect or catch every case on release, and will continue to build upon these detections throughout the year, so please send those reports in to help us evolve our systems. As a reminder, trying something off-meta or having strategic disagreements with your team do not automatically qualify as hostage taking.
Champion selects will be terminated when a player in champion select is reported and determined to be holding the lobby hostage to force a dodge or for any other reason. This will never trigger without a report in champion select, so be to sure to report players you believe are hostaging. 
When a champion select is terminated by hostaging detection, the offender will receive a penalty that will not allow them to immediately queue again, and all other players will re-enter matchmaking similar to if a player dodges today.
Penalties for repeated disruptive gameplay have been increased.
Improved detections for intentional non-participation in-game.
If you receive an Account Ban for having an inappropriate Riot ID, you'll be unable to change your Riot ID until the ban is over.
Lane Based Autofill Matchmaking
In our last dev update we mentioned we were working on some changes to make games where there were autofilled players more fair by matching them by role. This means if your team had an autofilled jungler the enemy jungler would also be autofilled as well to help keep games competitive. 
We wanted to let you know we're still working on these changes, but we don't expect to have them ready in January like we originally planned. We want to make sure we get this right, so we've delayed these changes to February. We appreciate your patience while we take the time to make this system as accurate as it can be.
Riot Games Community Pact
With the first patch of 2026, when you launch League for the first time in the new season you'll see our new Community Pact that we've adopted across all of our games. It's pretty straightforward and it has four simple asks from every player: 
Play to Win. Play Fair. Play with Respect. Or play something else. 
The Community Pact is an evolution of the Code of Conduct and covers what our expectations are for everyone that plays our games, and unlike past Codes of Conduct each year we will ask players to recommit to it. 
To also better reflect these expectations in game, we've updated the reporting categories and descriptions on the Report Player windows to align with these core player principles.
Clash - Summoner's Rift Demacia Cup
The Demacia Cup will be happening on Summoner's Rift this patch! Grab your 5 stacks and get ready to rumble!
Registration Begins: January 12 @ 11:00 AM (Local Time)
Tournament Dates: January 17 and 18 (~4-7 PM Local Time, varies by region)
If you have any questions or you're just looking for the full 2026 Clash schedule, make sure to check out our Clash FAQ support page .
Bugfixes & QoL Changes
Fixed an issue that caused Fizz's W basic attacks to be heard from Fog of War.
Fixed an issue where the Guardian items in ARAM were missing their unique tooltip tags.
Fixed an issue where Ivern's E failed to break Banshee's Spellshield.
Fixed an issue where Skarner's Q auto's failed to stack Spear of Shojin (shoutout to the Skarner mains who tweeted this to us)
Fixed an issue that allowed players to right click through rule quest selection UI resulting in unwanted move commands.
Fixed an issue where it was possible to obtain excessive gold from rubberbanding after a large amount of time in the match.
Fixed an issue that caused the ""Enable Streamer Mode"" option to be missing in the Interface settings.
Fixed an issue that caused Rengar to lose targeting on champions that go invisible during his R
Fixed an issue that caused Rengar to be able to leap after a melee auto attack during R
Fixed an issue that caused Rengar to inconsistently gain stacks of conqueror/other effects
Fixed an issue that caused Rengar leap to not trigger some attack effects (i.e. Navori, Lethal Tempo)
Fixed an issue that caused Rengar R damage to not be increased by Ultimate Damage amp (i.e. Axiom Arcanist)
Fixed an issue that caused Rengar to gain grey health before levelling W
Fixed an issue that caused Rengar to apply R shred/damage to monsters in melee range
Fixed an issue that caused Rengar E to not root Dr. Mundo
Fixed an issue that caused Rengar to sometimes not gain ferocity from a melee bush/R attack
Fixed an issue that caused Rengar's empowered state to override certain cooldown reduction effects (i.e. Navori, Trancendence)
Fixed an issue that caused Rengar to be unable to leap for a short period of time when flashing during R
Fixed an issue that caused Rengar to deal more damage to towers with Q if cast during leap
Fixed an issue that caused Rengar Q to not go on cooldown if held with 4 ferocity
Fixed an issue that caused Rengar to not see camouflage indicators during R
Fixed an issue that caused Rengar's basic abilities to not refresh from practice tool cheats
Fixed an issue that caused Rengar to sometimes do no damage to nexus when leaping
Fixed an issue that caused Rengar to sometimes not leap over a wall when his target is close to the edge
Fixed a bug where Slayer Kayn's R would fail to heal him if his target died at specific times during the ability.
Fixed an bug that caused Zeri to be able to cast Q during ally bard R and Kalista R
Added Slayer Kayn's R's base damage to the level-up tooltip.
Fixed a bug where the ranked end of season memorial modal shows the wrong season year
Fixed a bug where the ranked end of season memorial modal shows the wrong reward eligibility due to honor level database discrepancy.
Upcoming Skins & Chromas
The following skins will be released in this patch:
Prestige Veiled Lady Morgana 
Petricite Cho'Gath 
Petricite Nautilus 
Durand's Legacy Taliyah 
The following chromas will be released this patch:
Prestige Veiled Lady Morgana 
Petricite Nautilus 
Related Articles
Game Updates
2026-05-12T18:00:00.000Z 
League of Legends Patch 26.10 Notes
The season of demons continues with Patch 26.10!
Game Updates
2026-04-28T18:00:00.000Z 
League of Legends Patch 26.9 Notes
It’s time to hunt demons with Patch 26.9!
Game Updates
2026-04-14T18:00:00.000Z 
League of Legends Patch 26.8 Notes
Let’s get groovy with Patch 26.8!
Game Updates
2026-03-31T18:00:00.000Z 
League of Legends Patch 26.7 Notes
Tons of fun and fried chicken to be had!
Game Updates
2026-03-17T18:00:00.000Z 
League of Legends Patch 26.6 Notes
It’s time for First Stand and Shyvana’s update!
Game Updates
2026-03-03T19:00:00.000Z 
League of Legends Patch 26.5 Notes
Welcome to the official patch of First Stand, the first major international tournament of the year!
Game Updates
2026-02-18T19:00:00.000Z 
League of Legends Patch 26.4 Notes
Happy Lunar Revel, welcome to patch 26.4!
Game Updates
2026-02-03T19:00:00.000Z 
Patch 26.3 Notes
Celebrate the new year and revel in Patch 26.3 🎊
Game Updates
2026-01-21T19:00:00.000Z 
Patch 26.2 Notes
Patch 26.2 ready to deploy!"
26.02,26.02,16.02,Patch 26.2 Notes,2026-01-21T19:00:00.000Z,https://www.leagueoflegends.com/en-us/news/game-updates/patch-26-2-notes,Patch 26.2 ready to deploy!,"Patch 26.2 Notes 
Patch 26.2 Notes
Patch 26.2 ready to deploy!
Game Updates Riot Riru, Riot Sakaar 
2026-01-21T19:00:00.000Z 
Pilot Lux! Aegis Frame Galio! Here we go!
It’s our first patch after the 26.1 changes have hit the Rift so we’re following up in this patch by bringing the big winners down a notch while helping out some champions that have had trouble finding their footing in 2026. On a similar note, we’ve been reading your feedback about the new changes and are continuing to monitor how they land as all of you continue to learn and adapt to them. If you’re interested in a deeper dive on our thoughts around how the 26.1 changes landed make sure to check out the aptly named “Thoughts on How 26.1 Landed” section down below.
In other news we’ve also got Revenant Reign Viego gracing the Rift this patch alongside his 7 beautiful swords. Not to mention our newest skinline, Aegis Frame, launching this patch. We’ve also got some updates to ARAM, ARAM: Mayhem, and Arena coming this week, and let’s not forget the return of ARURF! And last, but certainly not least, we have our first Clash of the year happening this weekend with the Demacia Cup!
As always, thanks for reading and we’ll see you on the Rift!
Looking for more information on all things League of Legends? Check out our community-run wiki here ! 
Wrong patch notes? You can find the TFT patch notes here ! 
Lilu ""Riot Riru"" Cabreros 
Caden “Riot Sakaar” House 
Patch Highlights
Aegis Frame Galio, Aegis Frame Ornn, Battle Academia Briar, Battle Professor Samira, and Revenant Reign Viego will be available January 22, 2026.
Revenant Reign Viego
Seven blades. One king. No mercy.
A mad king betrayed by his most trusted knights, Viego has returned from the Land of Death to slay those who turned against him and his beloved. And he’ll use their seven traitorous swords to do it.
Revenant Reign Viego will be available in the Sanctum starting this patch and will be available until Patch 26.5 ends. There will also be an animated ""Crowned as King"" Emote available in the Mythic Shop for the same duration.
Thoughts on How 26.1 Landed
Faelights and Vision
We've read a lot of feedback about these changes, but at this point we're still gathering data and analyzing these change’s impacts on how games are playing out. We’re hesitant to make large system changes at this time while everyone is learning how to navigate these changes, but right now we’re seeing the way everyone is playing around these updates rapidly evolve across all skill levels/ranks as all of you have more time to get reps in with them. That said, jungler impact and general vision uptime are both topics we're watching closely, and we're considering options to address them in 16.3.
Snowballing and Game Length
For the most part, our metrics around snowballing have come in and they're not looking any higher than last season (and for average play are lower). This is pretty much the same across every region. Game time is also looking slightly longer in each region, and even more so given that the game starts earlier.
At the same time, players have reported that games feel a lot faster. We’ve looked into this a bit and have a few hypotheses:
Less downtime with more frequent minion spawns and homeguards can contribute to feeling like there's constant action happening.
Hitting towers and getting those chunks of damage from crystalline overgrowth both feel more rewarding (and more confronting on the receiving end), so it feels like progress is being made faster, even if it's not actually that much faster.
Barons are being taken earlier, since they're spawning at 20 minutes again. That said, Baron takes are a bit weaker than they were before (gives +150G instead of +300G), so games don't typically end after the first Baron push. Players have often associated the first Baron take with the game being over, but that is proving to be a bit less of the case this Season.
For now, we're not going to make any changes to Snowballing and Game Length, but will continue to monitor how things play out.
Aegis of Valor
Aegis of Valor has landed in a pretty good spot and we have resolved a bug that was affecting <2% of cases where players would be eligible for Aegis, but not receive it. 
We’ve heard a lot of the concerns about abuse cases here, but the best thing to do for Aegis is always going to be to try to win the game. We will continue to evaluate disruptive behavior and players will continue to not be eligible for Aegis if they AFK the game.
Role Balance
We're going to hold a little bit on taking a definitive stance on which roles are most and least powerful, as we don't feel any are so out of line that we need to act now. There’s been a lot of debate on which roles and most and least powerful.
There are a lot of things we think require some time for players to learn, adapt to, and optimize, but so far, we've been pretty happy with how the game, especially in the mid-game which feels a bit more strategic; should I greed tempo to get an Overgrowth proc here, or should I push next wave to try and get that turret chunk for gold.
One of the other things that we think has been working well is how each role feels a lot more individualized and distinct. When a role feels powerful, we want it to feel powerful for a unique reason, not just because it has more gold, and we feel pretty good about how that’s trending. (eg. Top being higher level, Bot having more items, Support controlling vision, Mid having a lot of broader impact, Jungle controlling objectives, etc.)
Tower Durability
While we've seen many comments about turret squishiness, early metrics aren't suggesting any urgent issues for now. First towers fall at a similar time relative to lane start as they did last year, and later towers fall somewhat later than before (while rewarding partial pushes with Crystalline Overgrowth and Plating gold). There are of course many factors besides the tower destruction timestamp, so we'll revisit this as we get more detailed data over 26.2.
Support Quest Usability
We’ve seen feedback that it’s confusing to switch control ward hotkeys mid game and it’s disruptive for control wards to move from your inventory to the new quest active slot halfway through a match. It’s also been mentioned that it’s annoying to have to start a game in order to change this new hotkey. And we 100% agree. So to address these issues, we’ve included a few fixes in this patch and another coming in the following one.
First, you can now double bind the role quest slot. So you’ll be able to set your preferred hotkey to both the role slot and the item slot where you used to hold it in your inventory.
We’re also adding the role quest hotkey to the client keybinds menu so you can make your changes before you hit the rift.
Finally, in the following patch, we’re moving control wards to the support role quest slot at the start of the game instead of halfway through the match when the quest completes. This change should allow support players to more easily build up muscle memory.
Champions
Aatrox 
Aatrox has struggled to find a place on the Rift in the new season with split pushing on the rise and fewer chances to flex his team fighting strengths. We're giving him some additional power this patch, primarily in the jungle, where his growing audience has been kneecapped, as well as in the top lane where he could use more ways to benefit from experience. We hope this satiates Aatrox players, especially those with Endless Hunger.
Passive - Deathbringer Stance
Bonus Magic Damage based on Target Max Health : 4-8% (based on level) ⇒ 4-10% (based on level) 
Q - The Darkin Blade
Bonus Damage to Monsters : 15 ⇒ 25 
Ashe 
Ashe is underperforming in the new season so we’re here to bring her back up near her former power level. We like that she has a strong affinity for buying attack speed, so we’re just making those purchases multiply a little bit harder.
Base Stats
Attack Damage Growth : 3 ⇒ 3.5 
Gwen 
Gwen jungle has skyrocketed in both pickrate and winrate. While we're excited to see her loving the new season and snipping from dusk til dawn, we need to make sure she's not turning all opponents (especially jungle camps) into paper.
Passive - A Thousand Cuts
Monster Damage Cap : 5 (+10% AP) ⇒ 3 (+5% AP) 
Jayce 
Jayce jungle (AKA Jungle Jayce) has become extremely popular and is also much too strong. One of those two things is awesome and the other isn’t. We’d like to retain JJ as a viable option in the jungle, but without him dominating the competition. So we’re delivering a light nerf that’s intended to bring him more in line with other junglers.
Q - To the Skies / Shock Blast
Bonus Damage to Monsters : 50 ⇒ 25 
Lillia 
Lillia has been in a dream since the changes to Rift. Unfortunately we need to wake her up as it’s become a nightmare for her opponents. We want her to maintain her spot as our premier in-and-out skirmisher in the jungle, but without her prancing out of control. We are looking to nerf her ability to stay topped up as well as bring down some of her late game damage.
Passive - Dream-Laden Bough
Heal Against Large Monsters : 39 (+15% AP) ⇒ 39 (+9% AP) 
Q - Blooming Blows
AP Ratio : 35% AP ⇒ 30% AP 
Malphite 
Malphite’s been a frontrunner on the Rift for a while, both in top and in the jungle. We’re actually very happy that he’s found a real audience in the jungle! That said, he’s still overperforming, so we need to bring him down now while still leaving him with two roles to play. To do that, we’re reducing some of his trading and clearing damage while retaining his high durability to physical damage and strong engage power. We’re also hitting jungle a little more as it’s meant to be slightly weaker than his top lane, as opposed to slightly stronger, which is currently the case.
W - Thunderclap
Monster Damage : 2x ⇒ 1.8x 
E - Ground Slam
Damage : 80 / 120 / 160 / 200 / 240 (+ 60% AP) (+ 40% armor) ⇒ 60 / 95 / 130 / 165 / 200 (+ 60% AP) (+ 40% armor)
Mana Cost : 50 ⇒ 50 / 55 / 60 / 65 / 70 
R - Unstoppable Force
Cooldown : 130 / 105 / 80 ⇒ 130 / 115 / 100 
Master Yi 
Master Yi has been struggling as a result of the changes in the new season. We’re looking to return some of his power so that he can keep up with other junglers and better live up to his full hyper carry potential.
Base Stats
Armor Growth : 4.2 ⇒ 4.5 
Q - Alpha Strike
On-Hit Damage Mod : 65% ⇒ 75% 
Nunu & Willump 
Nunu & Willump are devouring the competition in the new season, so we’re here to bring them back to a fairer level of power. To do that, we’re reducing a mix of the PvP and PvE power out in their kits to give opponents a fighting chance.
Q - Consume
Cooldown : 12 / 11 / 10 / 9 / 8 ⇒ 13 / 12 / 11 / 10 / 9 seconds 
W - Biggest Snowball Ever!
Maximum Damage : 180 / 225 / 270 / 315 / 360 (+ 150% AP) ⇒ 150 / 195 / 240 / 285 / 330 (+ 150% AP)
E - Snowball Barrage
Damage per Hit : 16 / 24 / 32 / 40 / 48 (+ 15% AP) ⇒ 14 / 21 / 28 / 35 / 42 
Sivir 
Sivir has become an extremely dominant ADC pick, regardless of whether or not she buys Essence Reaver, so it’s time to bring her down a notch. Since she has very strong wave control and great damage scaling, we’re looking to bring down her top end a little.
Base Stats
Attack Speed Growth : 2% ⇒ 1.6% 
Armor Growth : 4.45 ⇒ 4.0 
Smolder 
As expected Smolder has become much more powerful with the new Essence Reaver and increased minion counts. Since we’ve tuned our systems to our liking for now, it’s time to take stock of individual champions, Smolder being one. We want to make sure Smolder’s strong late-game damage has durability tradeoffs, even when buying the occasional HP item.
Base Stats
Armor Growth : 4.7 ⇒ 4.0 
Taliyah 
Taliyah’s been missing from the jungle as of late and the gameplay changes for the new season didn’t help her, quite the opposite actually. To that end we want to get her rocking and rolling in the jungle again so we’re buffing up her mid game clear speed to help her out.
Q - Threaded Volley
Bonus Damage to Monsters : 20 ⇒ 20 / 25 / 30 / 35 / 40 (Note: Empowered Boulder damage is still increased by 80% to primary target.) 
E - Unraveled Earth
Monster Damage Modifier : 190% ⇒ 225% 
Varus 
Varus isn’t doing very well in the new season so we’re here to lift up his two primary builds, on-hit and AD caster.
Q - Piercing Arrow
Maximum Charge Base Damage : 80 / 150 / 220 / 290 / 360 ⇒ 80 / 160 / 240 / 320 / 400 
W - Blighted Quiver
On-Hit Base Damage : 6 / 14 / 22 / 30 / 38 ⇒ 8 / 17 / 26 / 35 / 44 
Viego 
Viego is performing worse this season due to direct adjustments and overall game-wide changes. As a result he needs some power added back in, both compensating some crit scaling that he lost and generally just making him a better fighter.
Base Stats
Attack Speed Growth : 2.25% ⇒ 2.75% 
Q - Blade of the Ruined King
Percent HP On-Hit Bonus Crit Damage Mod : 50% ⇒ 70% 
Active Bonus Crit Damage Mod : 50% ⇒ 60% 
Zed 
Zed’s recent jungle changes didn't affect him as strongly as we had anticipated, and players have noticed, resulting in a resurgence of pick and ban rate. We’d like to slow his clear and lower his potency, this time with more accuracy now that we have a better understanding of how to tune him in the jungle.
Passive - Contempt for the Weak
Monster Damage : 1.8x ⇒ 1.2x 
Items
In 16.1, we added nine new items. We’re mostly happy with how they landed in terms of users and use cases, but there’s definitely some balance work to be done here. This patch, we’re adjusting Bandlepipes down and Fiendhunter Bolts plus Hexoptics C44 up as we think they’re the furthest off from where we wanted them to be. At the moment we’re also keeping our eyes on some of the other items/cases like the fast powerspike offered by Dusk and Dawn or the distribution of power on Endless Hunger between damage, haste, and omnivamp. The synergy between Diadem of Songs and Echoes of Helia is very cool, but it’s something we’ll be monitoring to make sure that it doesn’t become the only way to build a champion to exist between the mage and enchanter space.
Bandlepipes 
The pipes are sounding good on the rift but they're crowding out other support options due to their low price point. While we’re excited for their newfound popularity, we don’t want them to completely steal the spotlight.
Price : 2000 ⇒ 2300 gold 
Combine Cost : 500 ⇒ 800 gold 
Fiendhunter Bolts 
Fiendhunter Bolts is doing what it's supposed to do, but it's not quite well enough to get picked over its competition. We’re buffing up a little bit all around on the Bolts to help it hold up better against the other Zeal items.
Attack Speed : 40% ⇒ 45% 
Damage Multiplier for Guaranteed Critical Strikes : 75% ⇒ 80% 
Bonus True Damage for Critical Strikes : 10% ⇒ 15% 
Hexoptics C44 
Hexoptics has found a place in some situational builds for longer range champions, but is a bit too niche and a little weaker than needed for it to function for most of the marksman roster, so we’re giving it a general appreciable AD buff and easing the range requirement.
Attack Damage : 50 ⇒ 55 
Distance Required for Max Damage Amp : 700 ⇒ 600 
ARAM
Bug Fixes - ARAM & ARAM:Mayhem
Fixed a bug where Hexgates did not allow players to teleport behind the turret.
Fixed a bug where players were interrupted when trying to use the Portal's in Koeshin's Crossing Map.
Bug Fixes - ARAM:Mayhem Only
Fixed a bug where Glass Cannon prevented Bloodthirster from triggering.
Fixed a bug where Smolder’s Q did not work with ReEnergize.
Fixed a bug where Flashy and Flash 2 would cancel Fiddlesticks’s R channel.
Fixed a bug where Empyrean Promise’s range was smaller than intended.
Fixed a bug where Sword of the Blossoming Dawn’s passive could target the wrong ally.
Fixed a bug where snowball damage from Snowball Upgrade and The Biggest Snowball was triggering Aurora’s and Zaahen’s passives.
Fixed a bug where First Strike was not tracking gold correctly in From Beginning to End.
Arena
We’re taking a swing at the Combo Breaker system with the goal of letting the CC victim break free a little sooner, while also giving the CCer a bit of a reward for triggering Combo Breaker on their opponent. This also lets us revert our previous Mystic Punch changes that we think you’ll find exciting. Last patches Zaahen nerfs were meaningful but Arena is still a bit too favorable for his kit so we’re looking to tap him down while bringing up a few others that are underperforming.
Systems
Combo Breaker 
We’ve heard your frustration with long CC chains, and we’re making some changes to Combo Breaker so that it will save you more often, without invalidating tanks and CC heavy comps. Our hope is that this allows the target of CC a little more of a chance to fight back, while giving those dishing out the crowd control a path to victory.
Reduced CC chain duration from 5 of the last 7 seconds ⇒ 4 of the last 7 seconds.
(NEW) When combo breaker triggers you take 10% + 5% for each time this has triggered max HP true damage. This resets on death and on combat end.
Champions
Zaahen 
E Cooldown 10-8 ⇒ 12-10
R Armor Pen 10/20/30% ⇒ 5/15/25%
Bel’Veth 
P Stacks per round reduced from 12 ⇒ 10
Bonus HP reduced from 250/400/550 ⇒ 250 / 350 / 450
Zyra 
Plant Duration reduced from 8s ⇒ 6s
Master Yi 
Q cooldown now starts when the spell ends (just like in URF).
Taric 
Remove P Damage mod || 12.5 – 46.5 (based on level) ⇒ 25 – 93 (based on level)
Gangplank 
P CD 15 ⇒ 10
R CD 160/140/120 ⇒ 130/100/90
Lulu 
Q: Second bolt damage increased from 50% ⇒ 75%
Augments
Mystic Punch 
With the above changes to Combo Breaker we feel like we can revert Mystic Punch back to its flat reduction.
Reverted to its old version || Now reduces the Cooldown of all abilities by 1.25s On-Hit.
Hold Very Still 
Hold delay 1.25s ⇒ 0.75s
No longer goes into stealth when you’re unable to move, and stealth is disabled on crowd controlled.
Mad Hatter 
Adaptive Force per hat increased from 10 ⇒ 12
The Brutalizer 
Moved from Gold ⇒ Silver
Items
Statikk Shiv 
Bounce Range reduced from 1500 ⇒ 750
Bonus AD ratio reduced from 0.65 ⇒ 0.5
Bandle Pipes 
Attack Speed Aura increased from 30% ⇒ 45%
MS increased from 20 ⇒ 35
ARURF
ARURF IS BACK! Enjoy all the rapidfire casting action and gameplay your heart desires as your hop onto a version of the Rift where cooldowns barely exist and level 1 5v5s in the top lane kick off every game!
Solo/Duo Ranked - Apex Duo Rule Improvements
Last patch (26.1) we loosened up the Apex Duo restriction rules quite a bit for most of the regions, and we received feedback/concerns that the premade gap could be too wide. To address this, we are updating the rules to reduce the premade gap for Apex Duo, the new rules are:
Master can duo with D1 ⇒ GM
Master cannot duo with D2
GM can duo with Master ⇒ Challenger
GM cannot duo with D1
Challenger can duo with GM ⇒ Challenger
Challenger cannot duo with Master
D1 Visible cannot duo with [D1/Master Visible + GM MMR]
D2 or below visible rank cannot duo with any Master+ MMR
KR and CN remain unchanged as they are already on stricter rules: KR duo is allowed up to D1 and below, and CN duo is up to Master and below.
Reminder: as part of the regular seasonal ranked operation, Apex MMR duo restriction will be turned back on in 26.2, after we temporarily disabled it in 26.1 to celebrate season start climbing.
Swiftplay
After the changes have begun to settle we’ve seen swiftplay game length go down by roughly 6 minutes. Now, with games ending normally close to the same time you’d be able to FF, we’re going to drop the surrender time down as well.
Surrender Time: 15 minutes ⇒ 12 minutes
Clash - Summoner's Rift Demacia Cup
After a brief delay the Demacia Cup will be happening on Summoner’s Rift this patch! Grab your 5 stacks and get ready to rumble!
Registration Begins: January 19 @ 11:00 AM (Local Time)
Tournament Dates: January 24 and 25 (~4-7 PM Local Time, varies by region)
If you have any questions or you're just looking for the full 2026 Clash schedule, make sure to check out our Clash FAQ support page .
WASD
We recently enabled WASD everywhere outside of ranked and have been closely monitoring it across all champions and classes. While it has remained within our overall balance expectations, melee champions on WASD have particularly struggled to perform compared to playing with Point & Click controls. As a result, we are removing the WASD specific adjustment to how fast a player can attack while holding down movement keys for all melee champions, while slightly lowering it for most non-Marksman ranged champions. The majority of Marksman champions have landed about where we wanted so we won’t be making any changes to them at this moment. We'll continue to look at both melee and ranged champions individually to see if they need further fine tuning.
Attack Delay While Moving for Melee Champions : Removed
Attack Delay While Moving for Non-Marksman Ranged Champions : Reduced
Attack Delay While Moving for Marksman : Unchanged (Note: Ezreal, Kai’Sa, and Kindred were slightly reduced) 
Bugfixes & QoL Changes 
Fixed a bug that caused Rengar’s melee attack in brush to sometimes not grant him a stack of ferocity. 
Fixed a bug that caused Rangar to be granted a ferocity stack on leap end instead of leap start. 
Fixed a bug that caused Rengar to not be revealed when starting his leap from Fog of War or brushes. 
Fixed a bug that caused Rengar to sometimes be knocked straight up when leaping onto a Blast Cone. 
Fixed a bug that caused Rengar’s ferocity to time out in situations where his E had landed. 
Fixed a bug that caused Rengar’s leap to time out immediately after leaving a brush. 
Fixed a bug that caused Rengar’s passive cooldown to visually reset on hitting a plant. 
Fixed a bug that caused Rengar’s leap timing to be inconsistent. 
Fixed a bug that caused all of Rengar’s leap damage when using ultimate to be increased by Axiom Arcanist instead of just the R leap damage. 
Fixed a bug that caused Rengar’s empowered Q to grant attack speed on attack instead of on cast. 
Fixed a bug that caused Rengar’s Q auto attack reset to be inconsistent. 
Fixed a bug that caused Rengar’s Q and empowered Q to deal an incorrect amount of damage to towers. 
Fixed a bug that caused Rengar’s brush leap to trigger energized on leap start as opposed to upon landing on the target. 
Fixed a bug that caused Rengar, on activating Thrill of the Hunt (R) while inside a brush to not consume Unseen Predator (P)'s buff if he walks into melee range of his enemy target before giving a basic attack command. 
Fixed a bug that caused Rengar’ ultimate to inconsistently grant ferocity when using an attack in melee range. 
Fixed a bug that caused Rengar’s R ability damage to scale with the attacked enemy champion’s attack damage. 
Fixed a bug that caused Teemo’s Q blind to not cause Rengar’s Ferocity empowered attacks to be consumed on use. 
Fixed a bug that caused Serpahine to return to her idle pose when her recall was interrupted by animation pause effects. 
Fixed a bug that caused Camille’s Q2 VFX to not appear correctly. 
Fixed a bug that caused Annie’s passive VFX to sometimes be missing when her passive was ready. 
Fixed a bug that caused Briar's W, when targeting an enemy Viego, to be ended early via Viego's EW combo. 
Fixed a bug that caused Briar’s W to end early if a Twitch she was targeting entered camouflage. 
Upcoming Skins & Chromas 
The following skins will be released in this patch: 
Aegis Frame Galio 
Aegis Frame Ornn 
Battle Academia Briar 
Battle Professor Samira 
Revenant Reign Viego 
The following chromas will be released this patch: 
Aegis Frame Galio 
Aegis Frame Ornn 
Battle Academia Briar 
Battle Professor Samira 
Related Articles
Game Updates
2026-05-12T18:00:00.000Z 
League of Legends Patch 26.10 Notes
The season of demons continues with Patch 26.10!
Game Updates
2026-04-28T18:00:00.000Z 
League of Legends Patch 26.9 Notes
It’s time to hunt demons with Patch 26.9!
Game Updates
2026-04-14T18:00:00.000Z 
League of Legends Patch 26.8 Notes
Let’s get groovy with Patch 26.8!
Game Updates
2026-03-31T18:00:00.000Z 
League of Legends Patch 26.7 Notes
Tons of fun and fried chicken to be had!
Game Updates
2026-03-17T18:00:00.000Z 
League of Legends Patch 26.6 Notes
It’s time for First Stand and Shyvana’s update!
Game Updates
2026-03-03T19:00:00.000Z 
League of Legends Patch 26.5 Notes
Welcome to the official patch of First Stand, the first major international tournament of the year!
Game Updates
2026-02-18T19:00:00.000Z 
League of Legends Patch 26.4 Notes
Happy Lunar Revel, welcome to patch 26.4!
Game Updates
2026-02-03T19:00:00.000Z 
Patch 26.3 Notes
Celebrate the new year and revel in Patch 26.3 🎊
Game Updates
2026-01-07T19:00:00.000Z 
Patch 26.1 Notes
Demacia rises in Patch 26.1 🛡️"
26.03,26.03,16.03,Patch 26.3 Notes,2026-02-03T19:00:00.000Z,https://www.leagueoflegends.com/en-us/news/game-updates/patch-26-3-notes,Celebrate the new year and revel in Patch 26.3 🎊,"Patch 26.3 Notes 
Patch 26.3 Notes
Celebrate the new year and revel in Patch 26.3 🎊
Game Updates Riot Riru, Riot Sakaar 
2026-02-03T19:00:00.000Z 
This is our first major live follow-up patch on Season 2026 after collecting our first reads on the game from a combination of playing ourselves and watching you all dive into the changes. We're honing in on item balance, following up on recent rune changes, and tweaking vision mechanics to ensure the early game has the right level of tension. We've also got balance changes. A lot of balance changes. The biggest standout here is AD junglers, who are systemically worse in the new season, but since we like the systems changes that caused this disparity, we're simply buffing them back up. 
Also with this patch we're delivering a major update to ARAM Mayhem! Over 40 new augments, augment sets, and a progression track means there's a ton of crazy combinations you can cook up. For you ranked climbers we now have the climb indicator as well as a tweak to the Aegis of Valor threshold. For Demacia Rising the next two chapters will also be unlocked and available to progress in this patch, best of luck to you and your units! 
Looking for more information on all things League of Legends? Check out our community-run wiki here ! 
Wrong patch notes? You can find the TFT patch notes here ! 
Lilu ""Riot Riru"" Cabreros 
Caden “Riot Sakaar” House 
Mid-Patch Updates
FEBRUARY 5, 2026 HOTFIXES 
Mel
Health per Level: 93 ⇒ 99
Passive Damage per Projectile: 8-25 + 3% AP ⇒ 8-30 + 4% AP
W Shield Amount: 60% AP ⇒ 70% AP
E Root Damage: 60% AP ⇒ 70% AP
Zed
Passive: Damage to Monsters: 0.5x ⇒ 0.75x
Maximum Damage to Epic Monsters: 100 ⇒ 175
ARAM: Mayhem
Mayhem Progression Track Tier 4: 300 Starting Gold ⇒ Golden Reroll
Augment Hover Delay: 0.75 ⇒ 0.1 seconds
Poro Blaster: Only 1 player per team can get this augment; Increased the time required to stack Poros
Heads Up Cupcake!: On Pick Up Slow: 50% ⇒ 25%; Gold per 1000 healing: 200 ⇒ 150; Missing Health Healing: 50 - 20% ⇒ 5 - 15%
Devil On Your Shoulder: Health drain near enemies: 7.5 ⇒ 5% drain; Bonus true damage: 20% ⇒ 15%
Speed Demon: Speed gain: 350 decay over 2s ⇒ 200 decay over 1s
Kill Secured: Bonus MS towards low health champion: 100% ⇒ 60%
ARAM: Mayhem Augment Set Changes
Make it Rain Set Reward: 30/50/100% ⇒ 15/30/50%
Archmage Set Reward: 40% ⇒ 30%
Deathknell Set Reward: 40% ⇒ 25%
ARAM: Mayhem Bugfixes
Fixed a bug where Critical Healing and Critical Missile could trigger infinitely.
Fixed a bug where Prom Queen failed to trigger after you died.
Fixed a bug where Critical Missile triggered too often with Tank It or Leave It.
Fixed a bug where the Firecracker set bonus caused the attack timer to reset.
Fixed a bug where the Firecracker set bonus was triggering on basic attack effects
Fixed a bug where players could select the same augment multiple times.
Patch Highlights
Firecracker Skins will be available February 4th, 2026.
ARAM Mayhem
Hello Mayhem enjoyers! We're excited to introduce a patch packed with new Augments, new Augment Sets, and a NEW progression track! 
This patch adds 45 new Augments, with some unlockable through the progression track as you play. We've heard your feedback around augment diversity and underserved classes, so we focused on expanding options for them, including item upgrades, active summoner effects, and more Prismatic Augments! 
But what about existing Augments? We're giving some underperforming Augments light tuning and refreshing the system overall with the introduction of Augment Sets.
MAYHEM PROGRESSION TRACK
Season of Mayhem provides a new out of game experience for Mayhem enjoyers to give you something to progress and augment your future games! With this track we’re exploring rewarding Mayhem enjoyers and giving you all exciting goals to strive for within the mode. Our goals here are to make this easy to progress and we’ve made it pretty quick so you should never feel behind if you haven’t progressed it yet. You'll also find a couple of cosmetics like emotes and icons, as well as a new banner to show your devotion to the Poro King. 
Check out all the rewards you can earn below:
Level 1 - Red Envelope Augment - Pick up Red Envelopes around the map to increase your Gold and a random stat.
Level 2 - Weighted Popoffs Augment - Strike enemies to ""popoff"" allowing your abilities to cooldown faster.
Level 3 - ""Poro Snack, Please"" Emote
Level 4 - +300 Starting Gold - Gain 300 more Gold at the start of each Mayhem game.
Level 5 - Growth Spurt Augment - When cast, increase your size, health and Knockup nearby enemies.
Level 6 - Poro Blast Icon
Level 7 - Donation Augment - Gain a significant amount of Gold. No questions asked.
Level 8 - Bounce of the Poro King Augment - Bounce on enemies crazy style as the Poro King to Knockback and deal damage.
Level 9 - ""So Bright!"" Emote
Level 10 - Speed Demon Augment - Damage an enemy to temporarily gain movement speed.
Level 11 - Spirit Bloom Slumber Icon
Level 12 - Shrink Engine Augment - Gain Ability Haste, Move Speed, and Shrink on every takedown.
Level 13 - Gold Reroll - Chance to reroll an Augment into a higher tier Augment.
Level 14 - Crack Open That Egg Augment - Your shields can now detonate, dealing damage to nearby enemies.
Level 15 - ""Avalanche!"" Emote
Level 16 - Void Immolation Augment - Convert Sunfire Aegis and Hollow Radiance into Void Immolation.
Level 17 - Gift-Giving Poros Icon
Level 18 - Anvil Voucher - You'll get an Anvil Voucher item at the start of each game that you can redeem to gain extra stats.
Level 19 - Inferno Triggered Augment - Automatically cast Samira's R when you reach ""S"" in style.
Level 20 - Champion Selfie Icon
Level 21 - Thornmail Upgrade - Thornmail and Bramble Vest will reflect more damage from attacks.
Level 22 - ""Pls Send Help"" Emote
Level 23 - Elixirs- Gain free Elixir at levels 9/12/16.
Level 24 – Dropkick Augment - Your attacks execute enemy champions, restoring health, and Knocking Back enemies.
Level 25 - Sonata - Automatically alternate casting Sona's E and W.
Level 26 - Poro King Banner
Level 27 - Stuck in Here with Me Augment - Gain damage reduction and taunt enemies after casting your ultimate.
Level 28 - Loving Family Emote
Level 29 - Empowered By The Faith Augment - Heal and Shield allies to earn ""Devotion"" which will execute low-health enemies.
Level 30 - ""Blasting Off!"" Icon
Level 31 - Golden Reroll - Further increased chance to reroll into a higher tier augment
Level 32 - ??? - Your Missing Pings now do something… no idea what though.
AUGMENT SETS
We've seen tons of creative Augment combinations in Mayhem, and we want to make those moments even more rewarding and create new combinations with an exciting element that ties them together. Some augments sounded like they fit on paper, but that didn’t come across power wise… that's where Augment Sets come in. 
Some Augments will now belong to a themed set. When you collect 2–4 Augments from the same set, you'll unlock a special bonus that enhances that combination even further. Love diving into chaos with Clown College and Dive Bomb? No problem! Completing that Augment Set will reduce your death timer by 40%, letting you get back into the action faster. BOOM. 
There are 9 Augment Sets in total, and we can't wait to see the wild combinations you discover.
Deathknell 
Dive into death and use augments for true damage
(2) Reduce death timer by 40%
Augments: Clown College, Train of the Dead, Self Destruct, Dive Bomber
Firecracker 
Missiles are cool, more missiles are cooler. Firecracker missiles will bounce extra times to nearby enemies and deal a portion of their original damage.
(2) 2 bounces, dealing 40% of original damage.
(4) 3 bounces, dealing 80% of original damage
Augments: Fan the Hammer, Magic Missile, Critical Missile, Light'em Up, Typhoon, Twin Fire
High Roller 
You miss 100% of the shots you don't take - Shaco - Twisted Fate (probably)
(2) Minions have a chance to drop a Stat Anvil on death.
(3) +50% chance for Gold or Prismatic Anvils.
(4) +50% chance for Gold or Prismatic Anvils.
Augments: Transmute Chaos, Pandora's Box, Stats on Stats on Stats, Transmute Prismatic, Stats on Stats, Stats, Transmute Gold
Stackasaurus Rex 
Stacks Stacks Stacks Stacks Stacks
(2) Gain 50% More.
(3) Gain 100% More.
(4) Gain 200% More.
Augments: Infinite Recursion, Master of Duality, Tap Dancer, Soul Eater, Quest: Steal your heart, Phenomenal Evil, Shrink Engine, Hubris, Slap Around
Wee Woo Wee Woo 
(2) 40% Speed, 25% Heal and Shield Power.
(3) 50% Speed, 35% Heal and Shield Power.
(4) 60% Speed, 45% Heal and Shield Power.
Augments: Windspeaker's Blessing, I'm a Baby Kitty Where is Mama, Upgrade: Mikaels Blessing, All For You, Critical Healing, Sonata, First Aid Kit.
Fully Automated 
The first step to making a Mayhem factory truly grow.
(2) Reduce Autocast cooldowns by 30%
(3) Autocast cooldown scales with Ability Haste.
Augments: Prom Queen, Quantum Computing, Ok Boomerang, Sonata, Divine Intervention, Self Destruct, Frost Wraith, Firefox
Archmage 
A load bearing structure of any game.
(2) Refund 40% of a random ability's cooldown when you cast a spell.
Augments: Overflow, Mind to Matter, Buff Buddy, Juiced, Ocean Soul
Make it Rain 
Gold rules everything around you.
(2) 25% more gold from augments and kills.
(3) 50% more gold from augments and kills.
(4) 100% more gold from augments and kills.
Augments: Goldrend, Heads Up Cupcake!, Donation, Red Envelope, From Beginning to End, Upgrade Immolate, Upgrade Collector
Snowday 
Snowballs go brr
(2) Gain 50 Ability Haste on Snowball and snowballs deal an extra 30% more damage.
(3) Gain 100 Ability Haste on Snowball and snowballs deal an extra 50% more damage.
(2) Gain 150 Ability Haste on Snowball and snowballs deal an extra 100% more damage.
Augments: Biggest Snowball, Golden Snowball, Snowball Upgrade, Pinball Snowball, Snowball Roulette
AUGMENT BALANCE CHANGES
Empyrean Promise 
Delay Moving Time: 0.5 seconds ⇒ 0.25 seconds
Move Speed: 3500 ⇒ 4000
Cooldown: 30 ⇒ 20
Augment user gets the shield immediately when traveling instead of landing.
Lesser Heal 
Cooldown: 45 ⇒ 30
Base Heal: 150-430 (based on level) ⇒ 200-550 (based on level)
Cerberus 
Attack Speed Amp: 140% / 80% ⇒ 200% / 115%
Bonus Damage: 120 - 360 ⇒ 120 - 360 ( 40% AD) (+30% AP)
Goldrend 
Gold per proc: 15 Gold ⇒ 30 Gold
From Beginning to End 
First Strike Gold proc base: 10 ⇒ 20
Bonus True Damage: 7% ⇒ 10%
Gold Conversion: 50% / 35% ⇒ 60% / 42%
Lightning Strike 
Attack Speed Required: 3.5 ⇒ 1.75
Mystic Punch 
On-hit ability cooldown reduction: 20% ⇒ 1.25 seconds
QUALITY OF LIFE
You can now take any summoner spells you want. For active Summoner Spell augments like Blade Waltz or Biggest Snowball you'll be able to select which slot to replace it.
Champion Bounties
We accelerated how quickly champion kill gold devalued in the new season since there were already guaranteed wins around getting role quest progress and denying it from your opponents. However, we swung the tuning a little too hard, which has created scenarios where champion kills feel valueless. So in this patch we're landing in between the 25.24 tuning and 26.1 to achieve our goals.
Devalue rate on death : 1 per 2.5 gold given out ⇒ 1 per 3.5 gold given out 
Re-increment rate from farming : 1 per 5 gold earned ⇒ 1 per 7 gold earned 
Turret Plates
It's too hard for teams to convert a winning teamfight into meaningful progress into the enemy base but split-pushing razes towers a little too quickly. To solve both these issues we're re-architecting temporary turret resists to resist solo pushes a little better and blockade teams less well.
Bulwark Temporary Resistances : 20-100 per plate based on nearby enemy champions ⇒ 30-50 per plate based on nearby enemy champions 
Reactive VFX when hit by champions are now smaller, especially if the turret was recently attacked.
Faelights & Vision
The vision meta with faelights is still evolving in ways that mostly look healthy so far, but one concerning trend is the degree to which early game vision disrupts and zones junglers. 
A major contributor to this is the shape of the bonus vision regions from the river pixel brush faelights. These provide large, reliable vision coverage early game, despite the ward locations already being valuable and high-traffic. It's not necessary for faelights' systemic goals that these particular faelight spots are so powerful, so this is a good candidate for nerfs. 
The other major contributor is the season's yellow trinket buffs. We buffed yellow trinkets so players could make vision plays without their support, but this isn't as relevant in laning phase, so we've decided to pull back on the cooldown for early levels. We're still seeing high-level players regularly swap out yellow trinket later on, so we don't think the later-level cooldown buffs need to be reverted.
Faelights at River Pixel Brush Locations 
Reveal region shape: expanded past scuttle pad and epic pit entrance ⇒ cuts off before scuttle pad and epic pit entrance
Stealth Ward Trinket 
Cooldown: 170-90s (by level) ⇒ 210-90s (by level)
Other Changes 
Scryer's Blooms: Removed the Scryer's Blooms just outside base gates (from Cloud/Chemtech rift)
Fiddlesticks: While pretending to be an effigy on a faelight, Fiddlesticks will now display on-model visual effects as if a faelight-enhanced effigy (does not gain bonus vision or destroy existing wards)
Neeko: While disguised as a ward on a faelight, Neeko will now display on-model visual effects as if a faelight-enhanced ward (does not gain bonus vision or destroy existing wards)
Support Control Wards
For support players on SR, control wards will now start in your role quest slot from the beginning of the match. Combined with the ability to double bind this hotkey, this should help smooth out the experience for supports.
Champions
Ahri 
As the new season has shaken out, Ahri is performing worse than last year and worse than she ought to. Now that she's back on high burst builds, we're reverting a nerf from her “Rod of Ages every game” phase of her K-pop career. Some artists just fall off, you know?
W - Fox-Fire
Cooldown : 10 / 9 / 8 / 7 / 6 ⇒ 9 / 8 / 7 / 6 / 5 
Bel'Veth 
Bel'Veth is one of several AD junglers who suffered in the new season and we're here to buff her back up. We're aiming to bring up her late game in ways that synergize with squishy high attack speed builds by giving her a better payout for that attack speed and enough health to not need to buy as much of it.
Base Stats
Health Growth : 99 ⇒ 105 
R - Endless Banquet
True Damage on attack per stack : 6 / 8 / 10 (+ 12% Bonus AD) ⇒ 6 / 10 / 14 (+ 12% Bonus AD)
Braum 
Braum has easily become a top tier support with the start of the new season. New items like Bandlepipes have been instrumental in helping him and his allies stick onto enemies and take them down. Given that Braum is still looking quite strong even after the nerf to Bandlepiepes, we'll be looking to revert the health buffs we gave him at the end of last year and bring down some of his overall fighting power.
Base Stats
Health : 630 ⇒ 610 
Q - Winter's Bite
Damage : 75 / 125 / 175 / 225 / 275 (+ 2.5% HP) ⇒ 75 / 120 / 165 / 210 / 255 (+ 2.5% HP)
Briar 
Briar lost some of her luster in the new season and as someone with ample counter-play, she deserves to win more games than she currently does. We want to make sure her lifesteal-focused durability can manifest by giving her enough health and resists to make that healing efficient and while we're here, we're also throwing top lane Briar a bone by letting her trade more efficiently as well.
Base Stats
Health Growth : 95 ⇒ 100 
Armor Growth : 4.2 ⇒ 4.5 
Q - Head Rush
Health Cost : 6% current health ⇒ 5% current health 
W - Blood Frenzy
/ Snack Attack
Health Cost : 6% current health ⇒ 5% current health 
E - Chilling Scream
Health Cost : 6% current health ⇒ 5% current health 
R - Certain Death
Health Cost : 6% current health ⇒ 5% current health 
Diana 
Diana has gone to the moon due to seasonal changes, and in addition to Dusk & Dawn adjustments, this nerf should make sure her power wanes.
Passive - Moonsilver Blade
Monster Damage : 280% ⇒ 230% 
Draven 
Draven's Q was initially bugged to deal less damage at the start of the season, which was micropatched within the first week. Players are also trying Essence Reaver over Bloodthirster, which currently performs worse. After accounting for all of these factors, Draven's still not doing as well as he was last year, so we're coming to prop him back up by reverting one of our preemptive pre-season nerfs.
Base Stats
AD Growth : 3 ⇒ 3.4 
Ekko 
Time has been on Ekko's side this year. We're taking a swing at both his clear speed and burst after early game to prevent him from going haywire after getting a lead.
Passive - Z-Drive Resonance
AP Ratio : 90% ⇒ 80% 
Monster Damage : 300% ⇒ 270% 
Ezreal 
Ezreal's been in a pretty weak spot for most players this season, especially after Essence Reaver got nerfed in the micropatch. While we think there's some winrate to be gained through players optimizing their builds, we still want to bring Ezreal more in line.
Base Stats
AD Growth : 3.25 ⇒ 3.5 
E - Arcane Shift
Damage : 80 / 130 / 180 / 230 / 280 (+ 50% Bonus AD) (+ 75% AP) ⇒ 80 / 130 / 180 / 230 / 280 (+ 60% Bonus AD) (+ 75% AP)
Hecarim 
Hecarim isn't doing very well in the new season so he's got a buff coming up. We're doing this by giving him a strong mid game power spike that he can use to try to run the map and get his team a lead. And even if he fails to do so, at least he's got slightly better base damage to fall back on. For those who don't want to do the math, the net result of both Q changes is a strict buff until around 225 bonus AD.
Q - Rampage
Damage per hit : 60 / 85 / 110 / 135 / 160 (+ 90% Bonus AD) ⇒ 60 / 90 / 120 / 150 / 180 (+ 90% Bonus AD)
Damage amp per Rampage stack : 3% (+ 4% per 100 Bonus AD) ⇒ 3% (+ 3% per 100 Bonus AD) 
Heimerdinger 
Slaps roof We can fit so many Arcane champs in this patch. Heimerdinger's been performing worse in the new season and he was balanced before then, so we're here to return him to his former glory. We know top lane Heimer can feel suffocating when his turrets are all setup, so we're looking to re-buff him in ways that allow him to be proactive instead of turtling.
Base Stats
Health Growth : 101 ⇒ 105 
W - Hextech Micro-Rockets
Initial hit damage : 40 / 65 / 90 / 115 / 140 (+ 55% AP) ⇒ 50 / 75 / 100 / 125 / 150 (+ 55% AP)
Follow-up damage : unchanged
Jayce 
Jayce's build has bounced around a lot over time. He's been a tank, he's been (and currently is) a lethality burst mage, and he's been a fighter. We'd like if Jayce were an AD fighter, caring about both his damage output and durability to stick it out in melee once in a while. He's also still better in the jungle than in the top lane after last patch's nerf, so we're here to re-visit him. Ultimately our goals for Viktor's better half are to give him a viable fighter build and a viable but not overbearing jungle role. To achieve these goals, we're reducing his reliance on bonus AD and shifting power from his poke into his melee damage and follow-up.
Q - To the Skies!
Damage : 60 / 105 / 150 / 295 / 240 / 285 (+135% Bonus AD)⇒ 60 / 110 / 160 / 210 / 260 / 310 (+ 135% Bonus AD)
Monster bonus damage : 25 ⇒ 10 
Q - Shock Blast
Damage : 80 / 126 / 172 / 218 / 264 / 310 (+ 140% Bonus AD) ⇒ 80 / 121 / 162 / 203 / 244 / 285 (+ 130% Bonus AD) 
Monster bonus damage : 25 ⇒ 10 
R - Cannon Stance: Mercury Cannon
Armor/Magic Resistance Shred : 10 / 15 / 20 / 25% ⇒ 20 / 25 / 30 / 35% 
Kayn 
Blue Kayn specifically became much weaker in the new season and we'd like to fix that with some direct buffs. There's not much fancy here except that as an assassin, he should be lethal when fighting up close and personal with his targets. As a reminder, Slayer Kayn replaces his Q when transformed.
Q - Reaping Slash
Damage : 75 / 100 / 125 / 150 / 175 (+ 85% Bonus AD) ⇒ 75 / 105 / 135 / 165 / 195 (+ 85% Bonus AD)
Maokai 
Maokai has been struggling to find his place both in the top lane and in the jungle. We want to give him a little bit of extra power to find relevance in our new season by boosting hist damage
Q - Bramble Smash
Flat Damage : 65 / 110 / 155 / 200 / 245 ⇒ 75 / 120 / 165 / 210 / 255 
Mel 
This changelist is intended to help lower player frustration while playing against Mel through opening up additional counterplay opportunities for opponents beyond the ban button. 
One big change we have is changing her reflect damage immunity to a shield which will ensure when Fizz successfully lands his ultimate she no longer completely negates the damage with a late W. We also want to make sure when you're laning against her that you can see her Q coming and dodge out of the way at long ranges like many spammable projectile spells. Both her Q and E should now be more visually clear (thus easier to dodge) and we've reduced some of the power from her reflect in some situations where her reflections resulted in unexpectedly high damage. 
While we believe that champion agency can yield frustrating interactions, we also believe there should be avenues for counterplay to balance that out. Frankly, we underestimated how frustrating the play-against experience for Mel would be and are aiming to improve that with this change list. And for players looking to play Mel we want her to be playable more consistently after the ban phase while making sure her core gameplay that her players have come to love isn't lost. 
Our goals with these changes are that more players feel they can outplay Mel in ways that match their expectations, and that Mel players can feel more skillful and that their success is a result of that skill. We expect that there will continue to be players whose main champions are highly impacted by Mel's reflection that may continue to prioritize her as a ban, but we're targeting to get her out of must-ban territory for many players.
Base Stats
Attack Speed Ratio : 0.4 ⇒ 0.625 
Passive - Searing Brilliance
Projectile Damage : 8-50 (based on level) (+ 5% AP) ⇒ 8-25 (based on level) (+ 3% AP) 
Total Projectile Damage : 24-150 (based on level) (+ 15% AP) ⇒ 24-75 (based on level) (+ 9% AP) 
Reduced the visual clutter by no longer displaying the passive mark on non-champions for enemies.
Fixed certain champion spawned units dying to Overwhelm from an unempowered basic attack.
Q - Radiant Volley
Now deals additional damage the first time an explosion hits with reduced effectiveness from subsequent hits.
Initial Hit : 60 / 90 / 120 / 150 / 180 (+ 60% AP) 
Subsequent Hits : 5 / 6 / 7 / 8 / 9 (+ 5% AP) 
Total Damage : 78 / 109 / 144 / 185 / 230 (+51-85% AP) ⇒ 85 / 126 / 169 / 214 / 261 (+ 85-105% AP) 
Mana Cost : 70 / 80 / 90 / 100 / 110 ⇒ 70 / 75 / 80 / 85 / 90 
Minion Damage : 75% ⇒ 100% 
Cast Time : 0.25s ⇒ 0.35s 
Projectile Speed : 4500 ⇒ 3800 
Explosion Radius : 230 ⇒ 200 
Area Spread : 30 ⇒ 25 
Channel Time : 0.75s ⇒ 0.5s 
Damage type is now DoT AoE (reduced effectiveness in resetting Arcane Comet).
Stronger area telegraph visual.
W - Rebuttal
No longer provides Damage Immunity.
Shield : 80 / 110 / 140 / 170 / 200 (+ 60% AP) 
Physical damage reflected is reduced by 30% before magic damage conversion.
Now destroys projectiles that target each unit in an area instead of reflecting them when those projectiles aren't targeting Mel. (ex. Ryze E, Brand E, Katarina R, Samira R, Yunara Q)
Decaying Move Speed : 30% over 0.75s⇒ 40% over 1.5s 
E - Solar Snare
Root Missile Radius : 80 ⇒ 70 
End of Travel Linger Duration : 0.5s ⇒ 0.25s 
DoT Radius : 260 ⇒ 230 
Cast Range : 1050 ⇒ 1000 
Projectile Speed : 1000 ⇒ 1100 
Cooldown : 12 / 11.5 / 11 / 10.5 / 10 ⇒ 11 / 10.5 / 10 / 9.5 / 9 
Root Duration : 1.1 / 1.2 / 1.3 / 1.4 / 1.5 ⇒ 1.5 
Damage : 60 / 100 / 140 / 180 / 220 ⇒ 60 / 105 / 150 / 195 / 240 
Damage per Second : 16 / 26 / 36 / 46 / 56 ⇒ 16 / 28 / 40 / 52 / 64 
No longer visually pops at the end when descending terrain.
R - Golden Eclipse
Damage per Stack : 4 / 7 / 10 (+ 3.5% AP) ⇒ 4 / 7 / 10 (+ 4% AP) 
Naafiri 
Naafiri's doing pretty well in the mid lane at the moment but her jungling hasn't kept up so we're giving our favorite pack of dogs more of a fighting chance with her current slow clear.
Passive - We Are More
Packmate Monster Damage : 1.35x ⇒ 1.55x 
Nilah 
Even after her micropatch nerfs, Nilah is still sooo happy (overpowered) about the new season. We're looking to bring her overall power down now that the dust has settled.
Base Stats
Attack Damage : 60 ⇒ 58 
Armor Growth : 4.5 ⇒ 4.2 
Nunu and Willump 
We aimed to give Nunu & Willump a hefty nerf but overshot our goals so we're here to walk back part of the nerf package.
W - Biggest Snowball Ever!
Maximum Damage : 150 / 195 / 240 / 285 / 330 ⇒ 180 / 225 / 270 / 315 / 360 
E - Snowball Barrage
Base Damage per hit : 14 / 21 / 28 / 35 / 42 ⇒ 15 / 22.5 / 30 / 37.5 / 45 
Riven 
Riven's been crushing it ever since she discovered Axiom Arc. We like that she's swift and lethal in the early game but ultimately she's bursting down her competition too quickly once mid game arrives. Additionally, with all the extra gold and experience in the game right now, players have cited that late game fights resolve too quickly. So, all that considered, we're here to take out some of her late game burst power.
Passive - Runic Blade
Total AD Ratio : 30-50% (based on level) ⇒ 30-45% (based on level) 
Q - Broken Wings
Damage : 40 / 75 / 105 / 135 / 165 (+ 65 / 70 / 75 / 80 / 85% Bonus AD) ⇒ 40 / 75 / 105 / 135 / 165 (+ 60 / 65 / 70 / 75 / 80% Bonus AD) 
Ryze 
Ryze has risen up the ranks this season and is due for a reduction in power. While we're nerfing Phase Rush, we're also buffing Actualizer so we think he deserves a direct nerf in this patch. With his late game damage going up and the overall game being more lethal than we'd like, we're reducing some late game damage in kind.
W - Rune Prison
Damage : 60 / 90 / 120 / 150 / 180 (+70% AP) (+ 4% Bonus Mana) ⇒ 60 / 90 / 120 / 150 / 180 (+ 60% AP) (+ 3% Bonus Mana) 
Trundle 
Trundle's doing very poorly in both of his main roles and as a very straightforward champion should be much more successful than he is now. We want to make sure he's good at playing the role of the front-line juggernaut who's great at tank-busting, so we're playing up his late game sustained damage output and resilience
Base Stats
Armor Growth : 3.9 ⇒ 4.5 
Attack Damage Growth : 4 ⇒ 4.5 
Tryndamere 
After his micropatch buffs back in 26.1, Tryndamere's power level is close but not quite back to its former glory so we'd like to bring him back up to where he was and continue pushing him toward strong sustained damage.
Base Stats
Attack Damage Growth : 4 ⇒ 4.5 
Varus 
Last patch's Varus buffs heavily overshot our target and has resulted in him becoming one of the game's strongest top laners as well. We're sorry for the inaccurate tuning and now that we've got more room to work with, we're looking to weaken his top lane performance as much as possible by rendering him more susceptible to all-ins, reducing his affinity for the top lane role quest, and weakening his top-specific build of AP and maxing W first.
Base Stats
Armor Growth : 4.6 ⇒ 4 
W - Blighted Quiver
On-hit damage : 8 / 17 / 26 / 35 / 44 (+ 35% AP) ⇒ 8 / 17 / 26 / 35 / 44 (+ 25% AP) 
Max health damage : 3 / 3.5 / 4 / 4.5 / 5% (+1.5% per 100 AP) ⇒ 3 / 3.5 / 4 / 4.5 / 5% (+ 1.3% per 100 AP) 
Vi 
Vi certainly does not stand for victory anywhere but pro play. We'd like to make her much more successful for the average League player without indexing too hard into her strengths in tightly coordinated environments, which means we're aiming to play up her self-sufficiency and long-term brawling.
Base Stats
Health Growth : 99 ⇒ 105 
Attack Damage Growth : 3 ⇒ 3.5 
Volibear 
We're happy that Volibear is seeing action at all levels with a new build as our signature garage sale enjoyer, but we want to make sure he's a little less overBearing, primarily in jungle. We're targeting his main build path's Q max burst without changing how it feels to get into combat, as well as his clear speed so that he has to work a little harder to show up to fights, and compensating with some AD ratio for anyone who's gotten a good deal on a Triforce or Gunblade recently.
Q - Thundering Smash
Bonus Physical Damage : 10 / 30 / 50 / 70 / 90 (+ 120% Bonus AD) ⇒ 10 / 20 / 30 / 40 / 50 (+ 140% Bonus AD) 
E - Sky Splitter
Cooldown : 14 ⇒ 16 
Non-champion damage cap : 190 / 305 / 420 / 535 / 650 (+ 70% AP) ⇒ 150 / 265 / 380 / 495 / 610 (+ 70% AP)
Xin Zhao 
Xin Zhao just can't catch a break. First he dies to Atakhan, now he's underpowered in solo queue? When will these tragedies cease? Today. They cease today. Xin Zhao buff time! Much like Vi's changes in this patch, we want to play up Xin Zhao's ability to stick up for himself and scrap with enemy champions in long-term fights.
Passive - Determination
Heal every third hit : 3 / 3.5 / 4% max HP (Level 1/6/11) ⇒ 3/4/5% max HP 
E - Audacious Charge
Bonus Attack Speed : 40 / 45 / 50 / 55 / 60% ⇒ 40 / 50 / 60 / 70 / 80% 
Yone 
Yone's on the weaker side of the roster right now so we think he could use a buff. We know it can feel unfair to simply lose to him right clicking you during his E but we don't want him to be super bursty either, so we're pushing power into his Q, which has more gameplay around predictions and dodging.
Q - Mortal Steel
Damage : 25 / 50 / 75 / 100 / 125 (+ 105% Total AD) ⇒ 25 / 50 / 75 / 100 / 125 (+ 110% Total AD) 
Zaahen 
Zaahen was meant to have a secondary player base in the jungle and while he's great in the top lane, he's not performing well enough elsewhere. So we're delivering some straightforward jungle-specific buffs to bring him back up where he was at the end of last year.
Q - The Darkin Glaive
Monster Modifier : 1.75x ⇒ 2x 
E - Aureate Rush
Bonus Monster Damage : 50 ⇒ 75 
Zed 
We regret having jungle Zed in three of the past four patches now but players keep getting better at playing and itemizing this shadow ninja to the point where he wins more frequently today than he did before we shipped that first nerf. We're comfortable with how mid lane Zed is sitting but he's still overshadowing too many champions in the jungle. While this nerf looks very large on paper, the net impact of nerfing his jungle mod from 2.0 to 1.2 was under 1% of win rate movement, and we're looking for more than that here.
Passive - Contempt for the Weak
Damage to monsters : 1.2x ⇒ 0.5x 
Maximum damage to epic monsters : 300 ⇒ 100 
Items
Actualizer 
Actualizer is not looking particularly powerful and has a very painful combine cost. While we know players haven't had enough time to fully optimize the use cases yet, we're looking to give it a bit of a boost because it's not looking competitive on any champions besides a certain rune mage.
Total Gold Cost : 3100 Gold ⇒ 2800 Gold 
Combine Cost : 1050 Gold ⇒ 750 Gold 
Dusk and Dawn 
We've landed Dusk and Dawn into a spot where it has a healthy number of good users, but it's a bit too good at bursting and taking a little too much of Lich Bane's space, so we're hitting it with a slight nerf that should shift it towards more fighter-y builds.
Spellblade Damage : 100% Base AD + 10% AP ⇒ 75% Base AD +10% AP
Health : 300 ⇒ 350 
Endless Hunger 
This item is looking okay late in builds for the intended caster fighter audience but could be a bit better earlier in the game and can be awkward to build. A small change to the build path and a bit more AD should help this item really shine for the caster champions it was made for.
Recipe : Caulfield's Warhammer + Pickaxe + 1075 Gold ⇒ Caulfield's Warhammer + Pickaxe + Longsword + 825 Gold 
Total Gold Cost : 3000 ⇒ 3100 
Attack Damage : 60 ⇒ 65 
Protoplasm Harness 
The current shape of this Lifeline effect ended up being a bit too sharp, where it's extraordinarily powerful for the users that can leverage the resistance scaling and somewhat unexciting for most other potential users. We're shifting some power around to make the item more consistently useful and less eye-popping in the outlier cases.
Lifeline max health gain : 200 ⇒ 200-300 (based on level) 
Lifeline healing : 200-400 (based on level) (+ 250% Armor) (+ 250% Magic Resistance) ⇒ 200-400 (based on level) (+ 175% Armor) (+ 175% Magic Resistance) 
Ability Haste : 15 ⇒ 20 
Armored Advance 
When we updated the mid lane quest boots we wanted to make sure that champions had the option to pick items that strongly suited them. We did not want to let early defensive purchases trivialize their competition, as mid lane is a home of many assassins. So in this patch we're adjusting the upgraded versions of Mercury's Treads and Plated Steelcaps to make them weaker anti-burst options for champions who aren't buying any other durability items. These changes represent a tuning close to the end of last season, but with numbers that are more readily apparent at first glance, as no one can acquire these boots at level 1, and the prior max HP ratio carried most of the shield's value, even to squishies.
Noxian Endurance Shield : 10-120 (based on level 1-18) (+ 7% max HP) ⇒ 100-200 (based on level, scaling begins at level 9) (+ 8% Bonus HP) 
Chainlaced Crushers 
See Armored Advance.
Noxian Endurance Shield : 10-120 (based on level 1-18) (+ 7% max HP) ⇒ 100-200 (based on level, scaling begins at level 9) (+ 8% Bonus HP) 
Runes
Cash Back 
Cash Back was buffed late last year and finally has an audience of its own. However, that buff shot a little overboard. We're happy that it's turned some heads but now it's time for the rune to be balanced across its rune competitors.
Gold Refund : 8% ⇒ 7.5% 
Phase Rush 
We think Phase Rush restricts the viable mid lane pool at the highest levels of play, as it's very easy for any ranged champion to trigger Phase Rush and escape most ganks or would-be melee opponents. Among its most common ranged users, Orianna, Vladimir, and Taliyah all have viable alternatives, and for Ryze, we intend for a direct reduction of power due to his general strong performance and an Actualizer buff in this patch. Ultimately, we are nerfing this rune for ranged champions only and retaining its power for melee users to swiftly navigate fights and skirmishes.
Ranged Effectiveness : 75% (18.75 - 37.5% Movement Speed) ⇒ 50% (12.5% - 25% Movement Speed) 
Triple Tonic 
Like with Cash Back, we buffed Triple Tonic strongly late last year and it's been enough to get people to switch over to their old favorites. Now that senpais everywhere have noticed me the rune, we're bringing its power level to a more balanced state, namely by reducing the eye-popping level of burst the level 6 elixir provides.
Elixir of Force Adaptive Force : 30 ⇒ 25 
Arena
We've seen a bit of frustration with Hellfire Hatchet so we decided to make some adjustments. Our goal is to meaningfully reduce the power you get from stacking Lethality, while keeping it valuable as a tool for assassins to fight tanks when they have no other options. We'll return to Arena's typical balance patch coming in 26.4.
ITEMS
Hellfire Hatchet
Char Damage : (5% – 10% (+ 0.2% – 0.4% per 1 Lethality) based on maximum health difference) of the targets current health ⇒ (15% – 37% (+ 0.05% – 0.125% per 1 Lethality) based on maximum health difference) of the targets current health.
Maximum health difference still reached at 2500 HP.
Cooldown: Now is applied per target rather than an internal cooldown
Cooldown : 15 seconds ⇒ 10 seconds
Arena Bugfixes
Fixed Twin Masks. It now grants proper stats from your teammate. We've also identified and removed closed feedback loops that were causing this item to grant infinity stats when synergizing with stat conversions from augments, items, and characters (looking at you Ryze and Vladimir).
Fixed a bug where Multitool was being duplicated
Fixed a bug where AFKing during Planning Rounds were granting permanent items via Multitool
Fixed a bug where Multitool was causing game crashes
Fixed a bug where Rengar's basic abilities were not refreshed on takedowns with Executioner
Fixed a bug where Actualizer would not synergize with the Overflow augment (they stack now!)
Fixed a bug where Infernal Conduit cooldown reduction was a bit higher than intended when multiple enemies are affected
Fixed a bug where Kinkou Jette weakpoints weren't always being proc'd
Fixed a bug where players can issue a move command right before entering the Cannon from Cannon Fodder at the beginning of each Combat rounds
SR Ranked System Updates
APEX NEGATIVE LP GAINS
We've found and are resolving the cause of some of the Apex tier negative LP issues that we've seen be mentioned by players. There will still be some negative LP gains at the highest levels of the ladder as the very very best players should be pushing the limits of what's possible in the system, but it shouldn't be as widespread as it currently is.
AEGIS OF VALOR ELIGIBILITY
We're upping the value required for Aegis claims from C to B; we're seeing C's be too easy of a criteria, and we think B still accounts for players needing to ""play well enough"" while accounting for players being on an unfamiliar role.
Mastery rating to unlock Aegis of Valor is pushed from C to B.
DUO AT THE TOP OF CHALLENGER
After observing the power of duos in Season 1 and how they're performing across the ladder, the very top of the ladder duos (eg. rank 1&2 together or 2x top 10) are too strong together. So we're making some adjustments to make these games more fair.
CLIMB INDICATOR
As committed in 2026 rank dev blog, we are going to enable the Climb Indicator feature. This feature will help players understand and identify wether someone's rank is low, but their MMR is higher (they're still climbing). This will help players in general have a better idea of fairness of a match when there's say a “Silver” in a Platinum game.
WASD
The WASD flash directions setting is coming to all WASD movement abilities! 
As a reminder, this setting lets you choose between your cursor location, your movement direction, or your movement direction unless your cursor location is in your movement direction - in which case the cursor is prioritized.
There is a known issue with Nidalee and this setting that will be fixed in a future patch.
Co-Op Versus AI Queue
Last patch we made a change to the Co-Op versus AI queue to use Swiftplay instead of normal Summoner’s Rift. This was a change we thought would make a better new player experience. This had an unintended side effect of drastically increasing queue times so we’re reverting this change back to what it was pre 26.2.
Streamer Mode
We heard your feedback about players who use Streamer Mode to troll their teammates from the safety of anonymity. Starting in 26.3, we are making the privacy settings on Streamer Mode symmetrical: all information that you hide from the lobby and game will also be hidden from you.
When you have ""Hide My Identifying Info"" enabled, your identifying info is hidden for other players. Additionally, you will no longer be able to see the identifying info of other players in your game.
Clash - 26.2 makeup for select regions
For players in EU, APAC, and OC we’re going to be running a makeup Summoner’s Rift Clash since we unfortunately had to cancel the 26.2 patch Clash. 
This makeup Clash will take place on February 7th and will be free to enter, with a premium ticket option. Rewards will be the same as the previous scheduled one.
Registration is live now.
Tournament Dates: February 7 (~4-7 PM Local Time, varies by region)
Your Shop
The first Your Shop of the year will be landing at the end of this patch so keep an eye out for that in the client!
Your Shop will be active from February 10th to March 10th.
Demacia Rising
Demacia Rising's first content update brings 2 chapters of objectives and concludes Act 1's story. Demacia Rising will update again in Act 2 with patch 26.5, with more rewards, story, new settlements, champions, enemies – and more.
Level 3 Settlements and Research are now available. Upgrade Zeffira to level 3 to unlock them.
Two new champions, Galio and Kayle, are available for research and training.
Galio is a tanky front-line champion who uses Shield of Durand to resist incoming damage.
Kayle is a high damage, medium-range champion who gains splash damage and attack speed on her attacks.
Complete Chapter 3 to earn an Icon, and Chapter 4 to earn an Orb and an Emote.
Bugfixes & QoL Changes
Fixed an issue where the friends list was sorted incorrectly, sometimes placing friends into the wrong groups.
Fixed Rengar's R applying shred before the bonus damage was applied
Fixed Rengar's Q, Empowered Q and R damage not being reduced by Plated Steelcaps
Plants / Wards are now considered combat for the sake of Rengar's ferocity
Fixed an issue where Rengar sometimes wouldn't heal when W was cast after an empowered ability
Fixed an issue where flashing during leap would remove Rengar's passive stacks
Fixed an issue where Rengar's Q was being consumed by on-hit augments without granting ferocity
Fixed an issue where ferocity stacks would fall off if E landed as combat timer was running out
Target's going invulnerable during leap no longer drop combat for Rengar
Fixed an issue where Damage over time effects extended Rengar's ferocity timer
Fixed an issue where Rengar's leap would be delayed by up to 0.325s when casting R
Fixed an issue where Rengar's leap could be delayed by up to 0.325s when flashing during R
Fixed an issue where Rengar's Q attack speed buff lasted for 3 auto attacks instead of 2
Fixed Rengar Q / Empowered Q timing out mid leap sometimes
Fixed an issue where Sylas stealing Rengar ult would lose all mana on leap
Fixed an issue where Rengar would sometimes drop vision when attacking from melee in a bush
Fixed an issue where melee during Rengar's R would sometimes not grant a ferocity stack
Fixed an issue where Bel'Veth's passive would prevent the support item from properly executing minions.
Fixed an issue where Azir's W autos would only grant 1 Conqueror stack.
Fixed an issue where Zigg's VO wouldn't trigger during his Run animation.
Fixed an issue where Senna's passive wouldn't convert excess crit chance from Yuntal into lifesteal.
Fixed an issue where Seraphine's Recall when interrupted by animation pause effects she would return to idle pose.
Fixed an issue where Mel could destroy Yorick's W with a single basic attack.
Fixed an issue where Annie's passive VFX is missing when her Passive is ready.
Fixed an issue where Ashe's base skin VO in Spanish was at a low volume.
Fixed an issue where Karthus's first encounter with Varus VO would fail to play.
Fixed an issue where multiple Project Katarina VO lines would fail to play during her R channel.
Fixed an issue where Nidalee's killing Milio VO was not audible.
Fixed an issue where Nidalee's first encounter VO for Milio was not audible.
Fixed an issue where Yorick's joke VO couldn't be triggered.
ARAM MAYHEM BUGFIXES
Fixed a bug where Infernal Conduit cooldown reduction was a lot higher than intended when multiple enemies are affected.
Fixed a bug where Marksmage had a lower then intended ratio.
Fixed a bug where Ultimate Revolution did not refresh itself after the cooldown ends.
Fixed a bug where power flower did not heal players on Butcher’s Bridge.
Fixed a bug where removing Slow and Steady did not clear the Attack Speed Override.
Upcoming Skins & Chromas
The following skins will be released in this patch:
Firecracker Ashe 
Firecracker Seraphine 
Firecracker Yuumi 
Firecracker Poppy 
Firecracker Ziggs 
Firecracker Caitlyn 
The following chromas will be released this patch:
Firecracker Ashe 
Firecracker Seraphine 
Firecracker Yuumi 
Firecracker Poppy 
Firecracker Ziggs 
Firecracker Caitlyn 
Related Articles
Game Updates
2026-05-12T18:00:00.000Z 
League of Legends Patch 26.10 Notes
The season of demons continues with Patch 26.10!
Game Updates
2026-04-28T18:00:00.000Z 
League of Legends Patch 26.9 Notes
It’s time to hunt demons with Patch 26.9!
Game Updates
2026-04-14T18:00:00.000Z 
League of Legends Patch 26.8 Notes
Let’s get groovy with Patch 26.8!
Game Updates
2026-03-31T18:00:00.000Z 
League of Legends Patch 26.7 Notes
Tons of fun and fried chicken to be had!
Game Updates
2026-03-17T18:00:00.000Z 
League of Legends Patch 26.6 Notes
It’s time for First Stand and Shyvana’s update!
Game Updates
2026-03-03T19:00:00.000Z 
League of Legends Patch 26.5 Notes
Welcome to the official patch of First Stand, the first major international tournament of the year!
Game Updates
2026-02-18T19:00:00.000Z 
League of Legends Patch 26.4 Notes
Happy Lunar Revel, welcome to patch 26.4!
Game Updates
2026-01-21T19:00:00.000Z 
Patch 26.2 Notes
Patch 26.2 ready to deploy!
Game Updates
2026-01-07T19:00:00.000Z 
Patch 26.1 Notes
Demacia rises in Patch 26.1 🛡️"
26.04,26.04,16.04,League of Legends Patch 26.4 Notes,2026-02-18T19:00:00.000Z,https://www.leagueoflegends.com/en-us/news/game-updates/league-of-legends-patch-26-4-notes,"Happy Lunar Revel, welcome to patch 26.4!","League of Legends Patch 26.4 Notes 
League of Legends Patch 26.4 Notes
Happy Lunar Revel, welcome to patch 26.4!
Game Updates Riot Riru 
2026-02-18T19:00:00.000Z 
Happy Lunar Revel, welcome to patch 26.4! 
In this week's patch we're kicking off the year of the horse off right with one of the best to grace the Rift, Lillia! Not to mention a bunch of other beautiful Petals of Spring skins plus we've got a special appearance for Divine Architect Porcelain Aurelion Sol! We'll dive into the Summoner's Rift specific changes in a second, but we've also got some love for ARAM Mayhem and Arena coming this patch. Make sure you also check out the Ionia Cup Clash happening on ARAM this patch. 
We've got another larger-than-average balance patch coming your way as we continue to comb through the new season's outliers and otherwise unloved-feeling champions. While most of our changes are very standard, we also took a look at formerly-popular junglers who have other primary roles and tried to place them at a balanced state. 
Looking for more information on all things League of Legends? Check out our community-run wiki here ! 
Wrong patch notes? You can find the TFT patch notes here ! 
Lilu ""Riot Riru"" Cabreros 
Patch Highlights
Petals of Spring Camille, Petals of Spring Jayce, Petals of Spring Katarina, Petals of Spring Lillia, Petals of Spring Yasuo, and Divine Architect Porcelain Aurelion Sol will be available February 19, 2026.
As a heads up, all of the Petals of Spring skins (excluding Lillia) will be limited-time Legacy skins and will go into the vault starting in Patch 26.6.
Winter Sports Skins Return
We hope you’ve all been enjoying the winter-y spirit of competition as we celebrate everyone’s favorite sports for two weeks every four years!
Curling Veigar, Festival Kassadin, Ice Toboggan Corki, Vancouver Amumu, Whistler Village Twitch, Team Spirit Anivia, The Mighty Jax, and Union Jack Fiddlesticks will be available from February 19 until February 26, 2026, so make sure you pick them up while they’re here!
Champions
Ambessa 
We had always anticipated that Ambessa would have a jungle audience and we're happy to see that she's taken root there, but she also needs to be equally balanced across her two primary roles, so we're lightly nerfing her monster damage.
Q - Cunning Sweep
/Sundering Slam
Bonus Damage to Monsters : 150 ⇒ 125 
Annie 
Annie has all but disappeared from the current game so we'd like to bring her back up to viability. While her primary player base is likely to be in mid lane, she's often enjoyed success at support as well, so we're also fanning the flames of her more supportive outputs.
Q - Disintegrate
Base Damage : 80 / 120 / 160 / 200 / 240 ⇒ 80 / 125 / 170 / 215 / 260 
E - Molten Shield
Cooldown : 12 / 11.5 / 11 / 10.5 / 10 seconds ⇒ 10 seconds 
Aphelios 
Even after our hotfix nerfs in 26.1, Aphelios remains as one of the most dominant marksmen in the game. We're lowering his damage to make him a little less powerful at all stages of the game.
Passive - The Hitman and the Seer
Bonus AD : 5 / 10 / 15 / 20 / 25 / 30 ⇒ 4 / 8 / 12 / 16 / 20 / 24 
Brand 
Brand jungle has been smothered as of late, so we're giving his clear speed some additional firepower to see if he can find his place again.
Passive - Blaze
Ablaze Monster Damage : 265% ⇒ 270% 
Non-Epic Monster Damage Cap : 40 ⇒ 50 
Braum 
We undershot our Braum nerfs last patch so we're delivering another similarly-sized nerf to get him to the right spot. We're happy that he can reliably remain his team's front line, but that doesn't mean he needs to be as good as he is at starting late game teamfights.
R - Glacial Fissure
Base Damage : 150 / 300 / 450 ⇒ 150 / 250 / 350 
Cooldown : 120 / 100 / 80 ⇒ 130 / 115 / 100 seconds 
Camille 
Though Camille is statistically balanced, she's so feast or famine that she doesn't feel like it. We're giving her some extra reliability this patch by granting her Hookshot's attack speed any time she successfully dashes off of the wall, regardless of whether or not she hits her enemies. This should help her more generally so she can succeed in a wider variety of situations.
E - Hookshot
Always On Point : Attack speed is now gained when Camille dashes off a wall, regardless of whether or not she hits an enemy champion.
Darius 
Last year Darius was tearing up the jungle so we nerfed his monster mod to keep him from taking over. This year, after the changes, Darius is very weak in the jungle, so we're going to split the difference so that he can be in a stable, fair power level there.
Passive - Hemorrhage
Monster Damage : 2x ⇒ 2.5x 
Fizz 
Fizz jungle made a splash in our big jungle patch last season, but his pick rate quickly dwindled. We know he'll need more than just clear speed to stay afloat, though this change will help us test the waters before making any changes that affect him in both mid and jungle, and hopefully helps some of his new builds with W max and/or Dusk & Dawn thrive.
W - Seastone Trident
Bonus Monster Damage : 60 ⇒ 90 
Graves 
Graves has a moderately successful lethality burst build right now, but it means he doesn't have much of a fallback pattern if he doesn't high roll a crit. We'd like to reintroduce his more durable builds of old by rewarding Graves more for maintaining Quickdraw stacks.
E - Quickdraw
Armor per Stack : 4 / 7 / 10 / 13 / 16 ⇒ 7 / 10 / 13 / 16 / 19 
MR per Stack : 2 / 3.5 / 5 / 6.5 / 8 ⇒ 3.5 / 5 / 6.5 / 8 / 9.5 
Gwen 
With all the extra experience and/or gold scaling in Gwen's primary roles, she's become a total monster in the new season. While her recent jungle nerfs brought her two roles to similar power levels, they're both equally overpowered. We're not looking to significantly change her power curve, just make her fairer to play against and since we want to maintain her as a premier AP fighter, this means reducing her burst damage.
Q - Snip Snip!
Base Damage per Snip : 10 / 15 / 20 / 25 / 30 ⇒ 10 / 13.5 / 17 / 20.5 / 24 
Minion Damage Modifier : 0.75x ⇒ 0.8x 
R - Needlework
Base Damage per Needle : 35 / 65 / 95 ⇒ 30 / 50 / 70 
Hwei 
After Hwei's adjustments late last year, he's a little weaker than he ought to be. We don't want to buff his wave clear back up as that was the original problem he had, so instead we want to reward him for using his whole toolkit and coordinating with his team.
WW - Pool of Reflection
Maximum Shield Value : 100 / 125 / 150 / 175 / 200 ⇒ 100 / 140 / 180 / 220 / 260 
Ally Shield Mod : 75% ⇒ 85% 
R - Spiraling Despair
Cooldown : 140 / 115 / 80 ⇒ 120 / 100 / 80 
Illaoi 
Illaoi is having trouble staying above water in the new season so we're here to throw her a lifeline. Considering level scaling is all the rage in top lane right now we're giving her more strength in the role she calls home.
Passive - Prophet of an Elder God
Tentacle Base Damage : 9-180 (based on level) ⇒ 9-200 (based on level) 
Jinx 
Jinx is currently one of the big winners of the new season. It turns out when your primary output is crits, and they get stronger, you do, too! Considering explosive basic attacks are core to her identity, we're leaving them just as they are. But we're going to make sure that she's squishy enough that if she's directly next to an explosion while falling dozens of stories, she's not somehow tanky enough to survive all of that. This isn't canon, but c'mon, we all know how this works.
Base Stats
Armor Growth : 4.7 ⇒ 4.2 
Kassadin 
Kassadin's been having a great time now that he's able to stack multiple Tear of the Goddess items. Seriously, get on the Seraph's + Muramana train! But because this newfound power has taken him over the edge, we need to appropriately balance him. We want to preserve his high late game damage and mobile scaling fantasy, but we want to balance those strengths with appropriate weaknesses once he gets there.
Base Stats
Health Growth : 119 ⇒ 113 
E - Force Pulse
Slow : 50 / 60 / 70 / 80 / 90% ⇒ 50 / 55 / 60 / 65 / 70% 
Kayle 
Just about everyone had Kayle on their “winners of the new season” Bingo card due to her reliably reaching level 16 more often. As those assumptions have proved true, it's time to tune her more appropriately. Players have increasingly come to understand that maxing Q is optimal on her, and we'd like if the choice between Q and E were closer.
Q - Radiant Blast
Base Damage : 60 / 100 / 140 / 180 / 220 ⇒ 60 / 90 / 120 / 150 / 180 
Kennen 
Kennen's so sneaky that he snuck under players' radars for a while, but as the new season has dawned, many of you have come to understand that small shurikens can pack a big punch. We want to create windows of opportunity to succeed against him, which means preserving his power when everything's available, but creating larger gaps between those moments.
R - Slicing Maelstrom
Cooldown : 120 / 100 / 80 ⇒ 120 
Lee Sin 
Right now Lee Sin's W2 is the only ability in the game that grants both Life Steal and Spell Vamp. We're looking to combine those into Omnivamp along with a couple other systemic changes to maintain similar gameplay with clearer wording.
W - Iron Will
Spell Vamp No More : Lee Sin W2 grants Life Steal and Spell Vamp. Lee Sin is unable to heal with W2 and Smite on either minions, jungle monsters or Champions ⇒ Lee Sin W2 grants Omnivamp which will apply on minions, monsters, and Champions 
Lux 
Lux is straightforward to play, which means she should look quite strong in the hands of most players. Unfortunately, she isn't doing particularly well, especially as a support. Our changes this patch are a mix of skewing her base stats to be more synergistic with the World Atlas and a direct injection of power aimed at making both her primary roles better.
Base Stats
Base Mana : 480 ⇒ 440 
Starting Mana Regen : 7 ⇒ 9 
Q - Light Binding
Cooldown : 11 / 10.5 / 10 / 9.5 / 9 ⇒ 10 
W - Prismatic Barrier
Cooldown : 14 / 13 / 12 / 11 / 10 ⇒ 12 / 11.5 / 11 / 10.5 / 10 
Maokai 
Maokai was able to find much more comfortable roots in the Top and Support roles, but his ability to Jungle is still lagging behind other tanks. With this clear speed buff, we're looking to keep him in line with the other tree champions in the jungle.
Q - Bramble Smash
Bonus Monster Damage : 120 / 130 / 140 / 150 / 160 ⇒ 140 / 150 / 160 / 170 / 180 
Naafiri 
Naafiri is pretty evenly split between mid and jungle now, but is too powerful in mid lane at the moment. We'd like her to still hit as hard when she lands her bread and butter Q and uses her mobility to effectively trade, though right now she can spam a bit too effectively, threatening all-ins and pushing at the same time.
Base Stats
Base Health Regen : 7.5 ⇒ 6 
Health Regen Growth : 0.7 ⇒ 0.6 
Q - Darkin Daggers
Mana Cost : 55 / 60 / 65 / 70 / 75 ⇒ 50 / 60 / 70 / 80 / 90 
E - Eviscerate
Mana Cost : 35 ⇒ 40 
Qiyana 
Qiyana's mid lane performance among experts is one of the strongest in the game and is due for a nerf. We're happy that she's a lethal assassin, we just want to make her less generically strong.
Base Stats
Health Growth : 121 ⇒ 115 
Rengar 
As the dust has settled around Rengar's bug fixes and affinity for new items (hi Umbral Glaive!), we're now certain that Rengar is simply too strong when piloted by players who know what they're doing. Overall he gained a lot more damage in the new season, so we're going to bring some of that damage down now.
Q - Savagery
Damage : 30 / 60 / 90 / 120 / 150 (+ 100 / 103.75 / 107.5 / 111.25 / 115% total AD) ⇒ 20 / 55 / 90 / 125 / 160 (+ 105% total AD) 
Ferocity Damage : 30 - 235 (based on level) (+130% total AD) ⇒ 35 - 240 (based on level) (+120% total AD) 
Rumble 
Rumble is not in pro jail. I repeat, Rumble is not in pro jail! After fixing a long-standing bug that substantially reduced his damage when played on the red team and associated follow-up, he's just a very strong champion at almost all levels of play once players get over his steep learning curve. As a result, we're looking to bring him to a more appropriate power level so we're making him more susceptible to aggressive laners and worse at simply equalizing away poor wave states.
Base Stats
Base Health : 655 ⇒ 640 
R - The Equalizer
Maximum Damage : 700 / 1050 / 1400 ⇒ 600 / 1000 / 1400 
Ryze 
You've seen it, we've seen it. We've revisited Ryze's ult and an unintuitive interaction causing champions to not warp when they'd otherwise expect to. This was an intentional mechanic that aimed to anticipate players' needs but as time has gone on, this predictive help has caused more confusion than it's worth.
R - Realm Warp
All Aboard : No longer refuses to grab a champion if they're currently pathing out of the circle while near the edge.
Samira 
Samira is already a solid performer every way we can measure it, so this change isn't meant to be a significant buff. Instead, this change is more an acknowledgement that Bloodthirster should be competitive with Endless Hunger and shouldn't heal her for less just due to some rules text.
Q - Flair
Life Steal Effectiveness : 80% ⇒ 100% 
R - Inferno Trigger
Life Steal Effectiveness : 80% ⇒ 100% 
Senna 
Senna has found herself in a weird state where she can be quite powerful, but not when playing her more popular offense-focused builds. So we're shifting some power around with the goal of maintaining her viable supportive playstyles but making damage-focused builds much better.
Q - Piercing Darkness
Damage : 30 / 60 / 90 / 120 / 150 (+ 40% bonus AD) ⇒ 30 / 55 / 80 / 105 / 130 (+ 60% bonus AD) 
W - Last Embrace
Damage : 70 / 115 / 160 / 205 / 250 (+ 70% bonus AD) ⇒ 70 / 110 / 150 / 190 / 230 (+ 90% bonus AD) 
Swain 
Swain is running rampant through bot lane right now and doing quite well in mid, too. His bot lane playstyle is more strongly tied to Malignance and his role as a bot laner is more about his damage output. Meanwhile in the support role, where the majority of his players are, they mostly rush Rylai's and perform as more of a pseudo-frontliner. So with all of that in mind, we're nerfing his AP-scaling ultimate damage and inherent crowd control power in hopes to nerf bot lane while leaving support as unscathed as possible.
W - Vision of Empire
Slow : 50 / 55 / 60 / 65 / 70% ⇒ 50% at all ranks 
R - Demonic Ascension
Damage per Second Scaling : 5% AP ⇒ 4% AP 
Demonflare Damage Scaling : 50% AP ⇒ 40% AP 
Demonflare Slow : 75% ⇒ 50% 
Syndra 
Syndra has been rising through the ranks recently, with high CDR builds performing especially well. We don't want to hit how she feels with her Q poke and main defensive tool in Scatter the Weak, so instead we're going to take at some of her more guaranteed damage.
W - Force of Will
Base Damage : 70 / 105 / 140 / 175 / 210 ⇒ 70 / 100 / 130 / 160 / 190 
R - Unleashed Power
Base Damage : 90 / 130 / 170 ⇒ 80 / 120 / 160 
Teemo 
Teemo has been struggling in the jungle ever since season start, even for the most dedicated scouts. Though we can't make him sneakier in a world of Faelights, we're giving him some more clear speed to help him do his job as the Swift Scout.
E - Toxic Shot
Monster Damage : 145% ⇒ 160% 
Twitch 
Twitch really benefitted from the new items introduced this season, and players are really gravitating towards his glass cannon playstyle. With that in mind, he's a bit too resilient to be considered glass, so we're making sure his damage comes with appropriate tradeoffs.
Base Stats
Health Growth : 104 ⇒ 98 
Armor Growth : 4.2 ⇒ 4 
Udyr 
We want both Q-max and R-max Udyr to be viable builds, but right now they're quite far apart in power. Similarly, maxing W or E second should also be comparable but regardless of build, W is weaker. We'd like to rectify both of these issues by improving the rank-up incentives of both Q and W without giving too much burst damage to AD Udyr and without giving him too much sustain to ignore his lane opponents.
Q - Wilding Claw
Base Bonus Damage On-Hit : 5 / 11 / 17 / 23 / 29 / 35 ⇒ 5 / 13 / 21 /29 / 37 / 45 
W - Iron Mantle
Base Shield Strength : 45 / 60 / 75 / 90 / 105 / 120 ⇒ 45 / 65 / 85 / 105 / 125 / 145 
Xayah 
Xayah appears statistically balanced, but players feel like she lacks agency. We're looking to make her base spells more available, giving more access to her spellweaving fantasy and more juicy W-auto uptime. These changes will also help her spread her wings and not be as reliant on Essence Reaver.
Q - Double Daggers
Mana Cost : 50 ⇒ 35 
W - Deadly Plumage
Cooldown : 20 / 19 / 18 / 17 / 16 ⇒ 18 / 17 / 16 / 15 / 14 seconds 
E - Bladecaller
Mana Cost : 30 ⇒ 20 
Zac 
Zac has been truly explosive in the new season, and while his ability to tank and engage are meant to be core strengths, he's also too lethal for a tank with deep backline target access. So to give everyone a fair shot against him, we're reducing his burst damage when it's slime time, especially against squishies.
Q - Stretching Strikes
Damage per Hit : 40 / 55 / 70 / 85 / 100 (+ 30% AP) (+ 3% of Zac's maximum health) ⇒ 60 / 90 / 120 / 150 / 180 (+ 30% AP) (+ 3% of Zac's bonus health) 
R - Let's Bounce!
Initial Base Damage : 140 / 210 / 280 ⇒ 120 / 190 / 260 
Maximum Base Damage : 350 / 525 / 700 ⇒ 300 / 475 / 650 
Items
Hexoptics C44
AD carries now have several first slot options, whether they're spellcasters, basic attackers, or somewhere in between. We've wanted to give them a greedy late-game option for stacking as much basic attack damage as possible, and Hexoptics is here to fill that niche. While we don't think it'll be in everyone's build, we want it to be attractive, so we're further amplifying its unique strengths in hopes that it'll find a home.
Range for Maximum Bonus Damage : 600 ⇒ 500 
Bonus Range on Takedown Duration : 6 ⇒ 8 seconds 
Summoner Spells
Omnivamp on Summoner Spells (Smite/Ignite)
We like to make rules consistent when we can, as it helps players understand our beloved complex game that little bit more. We've generally maintained that summoner spells do not interact with other systems such as applying spell effects or lifesteal style effects. With Omnivamp making its return this season and being added to Lee Sin's W this patch, we're further consistifying this rule to our two damaging summoner spells: Smite and Ignite both do not trigger Omnivamp.
Omnivamp will no longer apply to Smite and Ignite damage.
ARAM Mayhem
In this week's patch notes we've got a mix of changes that went live in 26.3 included here for posterity plus some additional changes coming in 26.4.
Systems
Augment Set Panel Hover Delay 
Reduced Hover Delay from 0.75 ⇒ 0.1 seconds
Progression Pass
Level 4 Reward 
300 gold ⇒ Golden Reroll
Augments and Set Changes
Poro Blaster 
Can now only be picked up by 1 player per team.
Increased the time required to stack Poros.
Heads Up Cupcake! 
On Pick Up Slow: 50% ⇒ 25%
Gold per 1000 Healing: 200 ⇒ 150
Missing Health Healing: 20 - 50% ⇒ 5 - 15%
Devil On Your Shoulder 
Health Drain Near Enemies: 7.5% ⇒ 5%
Bonus True Damage: 20% ⇒ 15%
Speed Demon 
Speed Increase: 350, decays over 2 seconds ⇒ 200, decays over 1 second
Kill Secured 
Bonus Movement Speed Towards Low Health Champions: 100% ⇒ 60%
Make It Rain Set 
Gold Reward: 30 / 50 / 100% ⇒ 15 / 30 / 50%
Archmage Set 
Cooldown Refund: 40% ⇒ 30%
Deathknell Set 
Death Timer Reduction: 40% ⇒ 25%
Red Envelope 
Gold per Envelope: (10 - 18) to (25 - 58) ⇒ (8-15) to (22 - 46)
Donation 
Gold: 2500 ⇒ 1750
Stats 
Number of Stat Anvils Given: 3 ⇒ 2
Stats on Stats 
Number of Stat Anvils Given: 4 ⇒ 3
Stats on Stats on Stats 
Number of Stat Anvils Given: 5 ⇒ 4
Shrink Engine 
Haste per Stack: 10 ⇒ 8
Movement Speed per Stack: 2% ⇒ 1%
Vampirism 
Omnivamp: 30% ⇒ 25%
Prismatic Stat Anvil 
Melee Omnivamp: 25% ⇒ 20%
Ranged Omnivamp: 12.5% ⇒ 10%
Hand of Baron 
Adaptive Force: 33% ⇒ 25%
Firecracker Set 
2 Set Missile Damage: 40% ⇒ 25%
4 Set Missile Damage: 80% ⇒ 50%
Wee Woo Wee Woo Set 
Set Bonus Heal Power: 15 / 25 / 35% ⇒ 10 / 20 / 30%
Set Bonus Movement Speed: 40 / 50 / 60% ⇒ 30 / 40 / 50%
High Roller Set 
3 Set Bonus Change for Gold or Prismatic Anvils: 50% ⇒ 20%
5 Set Bonus Change for Gold or Prismatic Anvils: 100% ⇒ 50%
Bugfixes
Fixed a bug where Prom Queen failed to trigger after you were dead.
Fixed a bug where Critical Healing and Critical Missile could trigger infinitely.
Fixed a bug where Critical Missile triggered too often with Tank it Or leave it.
Fixed a bug where Firecracker Set bonus caused attack timers to reset.
Fixed a bug where the Firecracker Set bonus was triggering on basic attack effects.
Fixed a bug where players could select the same augment multiple times.
Fixed a bug where you spin me around could cause champions to lose their original spells.
Fixed a bug where Soul Siphon healed an incorrect amount when having Jeweled Gauntlet.
Fixed a bug where champions are unable to select anvils from High Roller Set, examples like Kog'Maw, Sion and Karthus.
Fixed a bug where your augments could get overwritten when you leveled up in base.
Fixed a bug where you were unable to select your last augment after selecting stat anvils.
Fixed a bug where you would buy anvil in shop and overwrite your current augment selection.
Fixed a bug where the Poro King gave incorrect damage reduction.
Fixed a bug where Poro King did not get CC Immune during unstoppable state.
Fixed a bug where you can get infinite armor by reselling Thornmail in shop when having Upgrade Thornmail.
Fixed a bug where you can swap both summoner slots when offered active summoners, snowballs and flashes.
Fixed a bug where spam clicking summoner swap button can give you stacking haste on Snowball Augments.
Fixed a bug where selecting Gangplank's Silver Serpents's trade will swap another active summoner in your summoner slot.
Fixed a bug where ??? could execute players in Kindred R or execute Tryndamere when he cast R.
Fixed a bug where Upgrade sheen could proc double healing when you have Dusk and Dawn.
Fix a bug where Upgrade Sheen was tracking damages dealt to minions.
Fixed a bug where Pyke's ultimate did not benefit from Dashing.
Fixed a bug where Poro blaster was visible on champions with Stealth.
Fixed a bug where Whispering's Circlet and Diadem of Songs are not considered as a hat in Hat on Hat augment.
Fixed a bug where Grandma's Chili Oil's burn was doing incorrect damage per second.
Fixed a bug where Pandora's Box did not count for High Roller Augment Set.
Fixed a bug where Master of Duality did not grant additional Ability Power when they are gained through the Stackosaurus Set Bonus.
Fixed a bug where Flash's recharge was incorrect if you have flashy and flash 2.
Fixed a bug where Void Immolation did not trigger Upgrade Immolate's Effect.
Fixed a bug where Upgrade Immolate gold generation does not increase when ranking up the Make it Rain set bonus.
Fixed a bug where Fully Automated's 3 piece bonus is active with the 2 piece bonus.
ARAM
Zaahen
Damage Dealt: 100% ⇒ 95%
Damage Taken: 100% ⇒ 105%
ARAM Ionia Cup
The Ionia Cup will be happening in ARAM this patch! Grab your 5 stacks and get ready to rumble!
Registration Begins: February 16 @ 11:00 AM (Local Time)
Tournament Dates: February 21 and 22 (~4-7 PM Local Time, varies by region)
If you have any questions or you're just looking for the full 2026 Clash schedule, make sure to check out our Clash FAQ support page .
Arena
It looks like our Hellfire Hatchet changes helped curb some of the abuse cases, but still ended up a bit too powerful in the average case. Rite of the Forge God has also been very weak so we're bringing it up a bit more, while our champion changes focus on the extreme ends.
Champions
Pantheon 
W Cooldown 13-9 ⇒ 15-11
Ahri 
W Removed Area specific mods
Base Damage reduced from 70/95/120/145/170 ⇒ 40/60/80/100/120
Movement speed reduced from 50% ⇒ 40%
Maokai 
Q Removed Arena based damage mod
Q 40-160 ⇒ 75-255
W Remove Arena Cooldown mod
W 14-10 ⇒15-11
Lulu 
P AP Ratio 5% ⇒ 7.5%
E AP 50% ⇒ 60%
K'Sante 
P Mark Percent health damage increased from 1%-2% ⇒ 2%-3%
All Out max Health Physical Damage increased from 1% ⇒ 1.5%
Braum 
R Base Damage 150-450 ⇒ 200-600
Move Speed 40-60 ⇒ 50-70
Augments
Rite of the Forge God 
Item Stat Amp increased from 15% ⇒ 30%
Items
Hexoptics 
Bounce Range reduced from 100 ⇒ 150
Duration increased from 6 ⇒ 10
Hellfire Hatchet 
Base current health damage: 15% ⇒ 7%
Maximum health multiplier: 250% ⇒ 300%
Demacia Rising
Several bugfixes for combat-related issues and music problems introduced with the 26.3 patch. These changes should help you clear out the last few Settlements of Act 1 and be better able to handle Dangerous Threats as they attack your kingdom.
Research and Event buffs now correctly apply percent damage increases to Demacian units. In 26.3, all buffs were applying power only if a player reached a total attack damage increase of 100% over the base value.
Events could stop working in situations where a player had played many turns and was done with story content in Act 1. Events should now continue playing regardless of how many thousands of turns you have played.
Any allied units that fought in the final battle of the Chapter 4 story will now survive.
Combat music cutting out has been fixed. Music in Demacia Rising should no longer stop randomly based on changes in game state.
Known issue: Several Research items have incorrect text, including:
Demacian Steel - Guard: Current text says “+50% Attack Damage,” but the effect provides 25% Attack Damage and 25% Maximum HP to Guards.
Battle High: Current text says “On kill, Guards gain 20% attack speed up to a maximum of 60%,” but the effect only provides a 30% Attack Speed once, on a guard's first kill or assist.
Disruptive Pinging Detections
Pings are used for a wide variety of reasons, and they don't always need to be strictly “productive.” Using them to communicate, hype up a teammate after a kill, point out something funny, or just have fun are all totally fine. 
That said, repeatedly spamming pings at teammates throughout a game as an expression of frustration can cross the line into disruptive behavior, and that's what we're targeting here. Starting this patch, we'll begin detecting and penalizing extreme cases of sustained, disruptive ping spamming, where a player's ability to ping may be temporarily reduced. 
Normal ping usage, whether it's strategic, playful or celebratory, is not intended to be affected. We'll be monitoring the system closely and iterating as needed to ensure that only players consistently using pings in a clearly disruptive way are penalized.
Bugfixes & QoL Changes
Fixed a bug that caused Rengar to be unable to extend his passive duration with attacks.
Fixed a bug that caused High Noon Jhin's running animation to stop playing when using Tier 2 boots.
Upcoming Skins & Chromas
The following skins will be released in this patch:
Petals of Spring Camille 
Petals of Spring Jayce 
Petals of Spring Katarina 
Petals of Spring Lillia 
Petals of Spring Yasuo 
Divine Architect Porcelain Aurelion Sol 
The following chromas will be released this patch:
Petals of Spring Camille 
Petals of Spring Jayce 
Petals of Spring Katarina 
Petals of Spring Lillia 
Petals of Spring Yasuo 
Related Articles
Game Updates
2026-05-12T18:00:00.000Z 
League of Legends Patch 26.10 Notes
The season of demons continues with Patch 26.10!
Game Updates
2026-04-28T18:00:00.000Z 
League of Legends Patch 26.9 Notes
It’s time to hunt demons with Patch 26.9!
Game Updates
2026-04-14T18:00:00.000Z 
League of Legends Patch 26.8 Notes
Let’s get groovy with Patch 26.8!
Game Updates
2026-03-31T18:00:00.000Z 
League of Legends Patch 26.7 Notes
Tons of fun and fried chicken to be had!
Game Updates
2026-03-17T18:00:00.000Z 
League of Legends Patch 26.6 Notes
It’s time for First Stand and Shyvana’s update!
Game Updates
2026-03-03T19:00:00.000Z 
League of Legends Patch 26.5 Notes
Welcome to the official patch of First Stand, the first major international tournament of the year!
Game Updates
2026-02-03T19:00:00.000Z 
Patch 26.3 Notes
Celebrate the new year and revel in Patch 26.3 🎊
Game Updates
2026-01-21T19:00:00.000Z 
Patch 26.2 Notes
Patch 26.2 ready to deploy!
Game Updates
2026-01-07T19:00:00.000Z 
Patch 26.1 Notes
Demacia rises in Patch 26.1 🛡️"
26.05,26.05,16.05,League of Legends Patch 26.5 Notes,2026-03-03T19:00:00.000Z,https://www.leagueoflegends.com/en-us/news/game-updates/league-of-legends-patch-26-5-notes,"Welcome to the official patch of First Stand, the first major international tournament of the year!","League of Legends Patch 26.5 Notes 
League of Legends Patch 26.5 Notes
Welcome to the official patch of First Stand, the first major international tournament of the year!
Game Updates Riot Riru, Riot Cashmiir, sternest 
2026-03-03T19:00:00.000Z 
Welcome to the official patch of First Stand, the first major international tournament of the year! This patch we’re making some pro-focused changes, but not as many as we would for a larger tournament like Worlds, which means we’re re-tuning a small handful of mid laners and a single bot laner. Otherwise, we’re continuing to sweep across the roster and delivering buffs and nerfs to each role’s biggest outliers.
We also have the return of Brawl, some adjustments, buffs, and nerfs for ARAM: Mayhem, bugfixes for Arena, some fancy new skins on the Season 1 Act 2 Battlepass, updates for Demacia Rising, the arrival of last hit indicators (no excuse to miss canons now), and we have an update to how we’re punishing severely abusive chat. 
Looking for more information on all things League of Legends? Check out our community-run wiki here ! 
Wrong patch notes? You can find the TFT patch notes here ! 
Lilu ""Riot Riru"" Cabreros 
Erika “Riot Cashmiir” Haas 
Steven “Riot sternest” Earnest 
Patch Highlights
Corrupted Petricite Maokai, Corrupted Petricite Xerath, and Prestige Requiem Sona will be available March 4, 2026.
Brawl Returns
Brawl is back, baby! Grab your friends, grab your enemies, they’re brawling everybody out here! Brawl will be live from March 4, 2026 through April 28, 2026.
Act 2 Battle Pass
The Season 1 Act 2 Battle Pass is live this patch! Corrupted Petricite Maokai and Corrupted Petricite Xerath are rewards for levels 9 and 25, respectively. And Prestige Requiem Sona is the capstone reward for the paid Pass.
Champions
Akali 
Currently, Akali’s re-stealth timer on her Shroud scales with game time. And since we’ve adjusted Summoner’s Rift’s pacing and League now has multiple modes with varying start times, we think everyone’s favorite ninja deserves a bit more flexibility when it comes to her sneakiness.
W - Twilight Shroud
Restealth Timer : 1s / .9s / .825s / .725s / .625s after your last attack or ability (at game times 0:00 / 8:00 / 11:00 / 20:00 / 30:00) ⇒ 1s / .9s / .825s / .725s / .625s (at levels 1 / 7 / 10 / 13 / 16) 
Azir 
Azir does a lot of things very well when played at a high level, and we want to make sure we preserve that expression of mastery Azir players spend a lot of time developing. But with that in mind when he gets going he can feel very oppressive and unstoppable. In order to give his opponents some degree of counterplay we’re bringing his health in the late game down a notch so assassin type champions can have a chance to dethrone the Shuriman emperor. 
Base Stats
Health Growth : 119 ⇒ 108 
Garen 
Garen is moderately popular but statistically underpowered, and we’d like it if he was as powerful as other straightforward top lane juggernauts. We’re continuing on the trend of making traditional fighter items more comparable to his crit builds and giving him better trading power before he has access to tools like Stridebreaker and Phantom Dancer.
Q - Decisive Strike
Move speed duration : 1 / 1.65 / 2.3 / 2.95 / 3.6 ⇒ 1.4 / 1.95 / 2.5 / 3.05 / 3.6 
E - Judgment
Damage per spin : 4 / 7 / 10 / 13 / 16 (+ 38 / 41 / 44 / 47 / 50% AD) ⇒ 4 / 7 / 10 / 13 / 16 (+ 40 / 43 / 46 / 49 / 52% AD) 
Kha’Zix 
Kha'Zix has evolved with the season changes and overcame all his worthy prey to take the top spot of solo queue junglers. We think he has room to go down in clear speed as the game progresses, as well as overkilling isolated targets without hurting him where he's already weak in teamfights. We're also making the bug less speedy to hit higher skill brackets.
Base Stats
Move Speed : 350 ⇒ 345 
Q - Taste Their Fear
Bonus AD : + 110% (231% isolated bonus) ⇒ + 105% (220.5% isolated bonus) 
Lee Sin 
Lee Sin has lost some of his skill and flair as of late and could use some help, so we’re increasing his damage in a way that will benefit more skilled Lee Sin players (aka those that hit their Q’s).
Q - Sonic Wave / Resonating Strike
Base Damage : 60 / 90 / 120 / 150 / 180 ⇒ 65 / 95 / 125 / 155 / 185 
Lillia 
We overshot Lillia’s Q nerf and historically gave her power in places she’s less likely to appreciate, all of which has led to the speedy deer feeling limp. We are reverting her ultimate buffs from 25.19, which were fairly small, as well as Q nerfs from 26.02, which were much more impactful. The hope here is that this net buff lets her live out her sustained fight fantasy as we believe that weaving in and out of fights doing damage with Q is closer to that rather than needing to land large scale R's.
Passive - Dream-Laden Bough
Monster heal bonus AP ratio : 9% ⇒ 15% 
Q - Blooming Blows
Bonus AP ratio : 30% ⇒ 35% 
R - Lilting Lullaby
Base damage : 100 / 150 / 200 ⇒ 150 / 200 / 250 
AP ratio : 45% ⇒ 40% 
Cooldown : 150 / 130 / 110 ⇒ 140 / 120 / 100 
Mel 
Mel’s recent update and follow-up balance work has succeeded in creating more counterplay and thus reducing her frustration and ban rate with a similar win rate to the preceding patches. With the initial dust now settled, it’s time to bring her up to a more reasonable power level. We’re looking toward her proactive damage, especially with champion level, to skew these buffs strongly toward the mid lane. We’re also sliding in a small compensation to her passive’s minion mod in order to not push her Q-driven wave clear any higher than it already is.
Passive - Searing Brilliance
Minion Damage Modifier : 0.6x ⇒ 0.5x 
Q - Radiant Volley
Base Damage per Bolt : 5 / 6 / 7 / 8 / 9 ⇒ 5 / 7 / 9 / 11 / 13 
Total Q Base Damage : 90 / 132 / 176 / 222 / 270 ⇒ 90 / 145 / 200 / 255 / 310 
R - Golden Eclipse
Initial Base Damage : 100 / 150 / 200 ⇒ 125 / 200 / 275 
Neeko 
Neeko has a lot of things going for her right now: strong laning, teamfight utility, and vision control. We like her explosive and high-spectacle teamfights, with the occasional 7th minion engage or wolf flank, but want to tap down the utility her clone provides. This change should still let her engage in trickery, while introducing a tradeoff to when clones stare people down from a bush on repeat, as we explore the best solution that limits her vision control but retains satisfying mechanics.
W - Shapeshifter
Slightly-Less-Tricksy-Neekoses : Cooldown now starts on clone expiration, instead of on cast
Fun Eliminated : Neeko can no longer use Ctrl+5, which plays the joke expression for clone only. Neeko can still joke, dance, recall, to make their clone initiate said actions.
Nocturne 
Nocturne’s underperforming considering how easy to pick up and play he is, so he’s made the cut for buffs in this patch. In an effort to help him succeed in moderate fight durations, we’re upgrading his ability to stick to his enemies under the Dusk Trail and run them down with basic attacks.
Passive - Umbra Blades
Cooldown : 13 ⇒ 12 
Q - Duskbringer
Bonus move speed : 15 / 20 / 25 / 30 / 35% ⇒ 20 / 25 / 30 / 35 / 40% 
Orianna 
Orianna has been one of the strongest champions in the mid lane as of late, so strong that she’s head and shoulders above the rest of the competition. In the hands of a true expert, her laning phase can feel unassailable, so we’re focusing on her early game in the hope of opening up some weaknesses and making some space for other champions in the mid lane.
Q - Command: Attack
Cooldown : 6 / 5.25 / 4.5 / 3.75 / 3 ⇒ 7 / 6 / 5 / 4 / 3 
Samira 
We’re giving Samira some love in the form of QoL and minor bugfixing around her Q! Sometimes Q doesn’t do what you want which can be a bit frustrating, and we’re hoping to fix some of the extreme end of feels-bad cases by adding some additional logic on the decision of when to use her Sword and when to use her Gun.
Q - Flair
The Right Tool for the Job : Samira Q will now do multiple additional checks to see if there are units on both the right and left of her. If there are, and importantly if there are no units far in front of her, she will use Sword Q. If a unit is far in front of her, she will still use Gun Q regardless of units on the right and left.
Itchy Trigger Finger : Samira Q is now properly sealed during her passive. This resolves a case where Samira Q can go on cooldown despite not being used if pressed during her passive’s animation. This also applies to an instance where her ultimate was cast after her W.
Can’t Out-Walk Me : Samira Q will now do a check to see if the enemy is walking away from her and in the very last part of her Sword Q’s range. If so, she will instead use Gun Q. This should resolve the extreme cases where champions can simply walk away from her Q at very low move speed (higher move speeds will still likely be able to do so, rightfully.)
Taliyah 
Taliyah’s powerful wave control in the early game means she consistently gets to be the first mid laner to every scuttle fight which can make it difficult to prioritize other picks over her. We’d like for this to not be as reliable a game plan as it currently is, so we’re bringing her early push power down and compensating jungle Taliyah with a bit more bonus damage to monsters.
Q - Threaded Volley
Base Damage : 55 / 72.5 / 90 / 107.5 / 125 ⇒ 50 / 67.5 / 85 / 102.5 / 120 
Bonus Monster Damage : 20 / 25 / 30 / 35 / 40 ⇒ 23 / 28 / 33 / 38 / 43 
Varus 
Oh, Varus. Look, canonically you’re kinda three people at once, so having three times the balance changes of other champions is only fair, right? We’re nerfing Varus’s lethality build as it’s the most pro-dominant ADC in the current patch. However, because on-hit Varus in bot lane is weak, we’re compensating AD on-hit Varus to keep that build afloat.
Q - Piercing Arrow
Maximum damage : 80 / 160 / 240 / 320 / 400 (+ 130 / 140 / 150 / 160 / 170% bonus AD) ⇒ 80 / 150 / 220 / 290 / 360 (+ 150% bonus AD) 
W - Blighted Quiver
On-hit damage : 8 / 17 / 26 / 35 / 44 (+ 25% AP) ⇒ 8 / 17 / 26 / 35 / 44 (+ 25% AP + 15% bonus AD) 
Volibear 
Volibear's last set of nerfs were effective at hitting jungle harder than top, but ended up a bit over the line still. We're aiming to make laning a bit more satisfying for top Volibear with mana changes, and still trying to open up some bruiser builds so it's not always wizard bear.
Q - Thundering Smash
Bonus physical damage : +140% ⇒ +160% 
W- Frenzied Maul
Mana cost : 30 / 35 / 40 / 45 / 50 ⇒ 20 / 25 / 30 / 35 / 40 
Wounded bonus : + 15% per 100 bonus AD ⇒ + 25% per 100 bonus AD 
E - Sky Splitter
Mana cost : 60 ⇒ 50 
Items
Hubris 
Hubris appears to be the weakest AD assassin item, especially when you consider it should look amazing statistically due to being a situational snowball item. We’re continuing the slow and steady trend of letting assassins spike their items earlier, and especially in the case of Hubris, get the snowball rolling early on.
Combine cost : 950 gold ⇒ 750 gold 
Total price : 3000 gold ⇒ 2800 gold 
Locket of the Iron Solari 
Bandlepipes has been a well received addition for first-slot support tanks (and others who don’t really want AP) but it’s overshadowing first-slot Locket more than we’d like. We’re choosing to front-load some of Locket’s power so that it looks more attractive as the first purchase, while keeping its later-game power pretty similar.
SHIELD : 200 - 360, scaling after level 1 ⇒ 290 - 360, scaling after level 8 
Functional Shield Level 8-18 : 265 - 360 ⇒ 290 - 360 
Ranked and Matchmaking
Aegis of Valor
Players who were eligible for the Aegis of Valor rewards have those rewards voided if they’re reported for disruptive behaviors and the reports are validated.
Autofill and Secondary Matchmaking Improvements
As we mentioned at the start of this year, we’re going to start rolling out improved positional matchups in game for autofills and secondaries, e.g. trying to match autofill jungle vs autofill jungle. We’ll be starting with EUW.
We’ll keep an eye on how it’s performing, and will let you know when we feel like it’s ready for a global rollout.
ARAM: Mayhem
Hello Mayhem enjoyers!
In this patch, we’re focusing on tank experience improvements and a few quality-of-life updates.
Over the past few patches, we’ve seen some overall power inflation, and tanks have been finding it harder to truly hold the frontline. To address this, we’re systematically buffing tank-oriented Augments, including both health-focused and durability-focused options. Our goal is to help tanks feel sturdier and more reliable in their role. We’ll continue monitoring their performance and plan to follow up with more targeted adjustments in future patches if needed.
We’ve reworked Wee Woo Wee Woo to better deliver on the “true ambulance” fantasy. It now gives you stronger burst-healing potential to save your allies in critical moments.
To give support players even more options, we’re also introducing an Upgraded Sword of Blossoming Dawn Augment, which alters your healing pattern and opens up new ways to sustain your team.
We’ve noticed that players often don’t have enough time to fully enjoy their power once they’ve completed their builds and Augments. To address this, we’re adjusting Nexus and Nexus turret health.
These changes aim to: Provide more comeback opportunities for the losing team. Give the winning team a bit more time to show off their full power spike. And avoid games ending too abruptly while still preventing stalled-out hostage scenarios.
We’ll continue monitoring other systems to ensure late-game pacing remains satisfying.
Hope you enjoy the updates, and see you on the Bridge!
Augments and Set Changes
Upgrade Immolate 
Gold per tick: 10 ⇒ 12
Slow Cooker 
Damage scaling off max HP: 1.5% ⇒ 2%
Celestial Body 
Max Health Gain: 1250 ⇒ 1500
Guilty Pleasure 
Heal amount from immobilizing / grounding enemy: 10-150 (+ 1.5% Max HP) ⇒ 30-250 (+ 1.5% Max HP)
Perseverance 
Base regen: 8 Health / sec ⇒ 10 Health / sec
Low HP regen: 16 Health / sec ⇒ 20 Health / sec
Courage of the Colossus 
Shield: 100-300 + 4%HP ⇒ 150-450 + 4%HP
Adamant 
MR / armor gained per immobilizing / grounding enemy: 8 ⇒ 10
Impassable 
Aftershock and Glacial CD: 15s ⇒ 20s
Stuck In Here With Me 
Post-taunt damage mitigation: 40% ⇒ 50%
Dropkick 
Execute threshold AD scaling: .03% ⇒ .035%
Dropybara 
Cooldown: 75s ⇒ 45s
Golden Snowball 
Invulnerability duration: 1s ⇒ 1.5s
Poro King 
Move speed increase: 25% ⇒ 40%
Damage reduction: 85% ⇒ 70%
Damage: 100-300 + 5% Bonus HP + 100% Bonus AD + 50% Bonus AP ⇒ 100-700
Void Rift 
Damage: 75-350 + 450% Lethality + 450% Magic Pen ⇒ 100-450 + 550% Lethality + 550% Magic Pen
Width: 210 ⇒ 250
Escape Plan 
Removed CD reset on death
Critical Missile 
Damage: 11 - 40+7% bonus AD + 10% AP ⇒ 20 - 100 per missile
NEW     Upgrade Sword of Blossoming Dawn 
Gain 100% Attack Speed
When you have Sword of Blossoming Dawn, your attacks against champions deal 50% damage but increase Sword of Blossoming Dawn’s healing by 250%
NEW     Wee Woo Wee Woo Set Bonus 
Set Bonus: Gain Bonus effects towards allies below 50% health
(2) Gain 50% Movement Speed
(3) Your next heal or shield restores 12% of the target’s missing health (10 seconds cooldown)
Systems
Player HUD 
REMOVED: Removed Augment Set icons from player HUD
Structures 
Nexus base HP: 5500 ⇒ 3000
Nexus Tower base HP: 1800 ⇒ 3000
Items
Moonstone Renewer 
Garlic: Moonstone’s chain healing will not select targets with Vampirism
Diadem of Songs 
Silver: Diadem’s healing missile will not select targets with Vampirism
Bugfixes
Fixed a bug where Divine Intervention had no cooldown.
Fixed a bug where Grandma’s Chili Oil buff/debuff was missing icons and tooltips.
Fixed a bug where Grandma’s Chili Oil pool effects stopped being applied when multiple players were standing in it.
Fixed a bug where Inferno Conduit’s damage did not trigger Grandma’s Chili Oil.
Fixed a bug so that Void Immolation counts as 2 burn sources for Grandma’s Chili Oil.
Fixed a bug where Zilean could infinitely proc Ultimate Revolution by self-casting Chronoshift (R) after reviving.
Fixed a bug where Empowered by the Faithful had debug buffs on allies.
Fixed a bug where Empowered by the Faithful’s shockwave could cause champions to become invisible.
Fixed a bug where champions could be knocked back further than intended when combining Inferno Triggered and Poro Blaster.
Fixed a bug where the Sonata gained cooldown reduction from Ability Haste despite being at the Set 2 bonus for Fully Automated.
Fixed a bug where The Butcher’s Bridge cannon did not show its range indicator on the minimap.
Fixed a bug where The Golden Spatula could be lost if you had full items and completed the mission after selecting Quest: Urf’s Champion and using Poro-Snax.
Fixed a bug where Poro King removed Cho’Gath ult stacks or Sion W stacks.
Fixed a bug where Upgrade Immolate did not work with Void Immolation.
Fixed a bug where Red Envelope did not grant Attack Damage.
Fixed a bug where Droppybara and Poro King worked on Aurora’s and Zaahen’s passives. Aurora’s and Zaahen’s passives will no longer be procced by augment damage.
Fixed a bug where Upgrade Sheen did not heal on proc.
Fixed a bug where using a Stat Anvil Voucher before the first augment offering caused the augment offering to break.
Fixed a bug where Upgrade Thornmail's effect exists if you don't have the items.
Fixed a bug where Upgrade Thornmail's Shield can be proc by minions.
Fixed a bug where taking Pinball Snowball broke Hexgate’s repositioning function.
Arena
Hey Arena lovers! We have a handful of bugfixes this patch.
Arena Bugfixes
Fixed Mordekaiser Guest of Honor not working on occasions.
Fixed Cosmic Drive tooltip.
Fixed Atmas’ Reckoning breaking the crit cap on Aim for the Head.
Fixed Cosmic Drive not giving the right amount of movement speed.
Fixed Multitool removing items unexpectedly when inventory is full.
Fixed Multitool removing items unexpectedly when it was moved around in your item slot in between rounds.
Cleaned up Righteous Fury VFX between rounds.
Fixed Buff Buddies tooltip.
Demacia Rising
Demacia Rising Act 2 brings the story to the present day, as Tianna shifts Lux’s lessons away from history. Upgrade settlements to Level 4, unlock new research, and take on Noxian enemies. Demacia Rising will update again in Patch 25.7 to conclude the story.
STORY & REWARDS : Chapters 5 and 6 are now available with 16 objectives. Complete Chapter 5 to earn “The Great City” icon, and Chapter 6 to earn the “Poster Boy” Garen emote.
NEW SETTLEMENTS : 4 new Settlements have been added: Hayneath (Heartland), Hawkstone (Mountain), Fossbarrow (Border), and Dawnhold (Border).
NOXIAN INVASION : Noxian unit types have been added. Noxian threats will begin after you complete the second objective in Chapter 5 of the story.
Noxian Infantry form the backbone of Noxus' military might. They rival Demacian Guards in skill.
Noxian Drakehounds are faster than their wild brethren, trained for war. They evade ranged attacks with ease.
Basilisks target ranged units. Their thick hides and armor plates are weak to Rangers’ crossbows.
Battlemages throw AoE fireballs from range. They rely on their frontline for safety—break through the enemy troops to reach the mages.
Maulers are huge, heavily armored soldiers. They attack slowly until they reach half health and enrage, striking much faster.
CHAMPIONS : Garen and Sona are now available.
Garen is a front-line damage dealer, who specializes in dealing massive damage to highly armored enemies.
Sona supports your ranged units by buffing them with increased attack damage.
STRUCTURES : All Towns and Resource Generators are upgradeable to Level 4. Additionally, several structures can now be upgraded, including:
Petricite Mill: Levels 2 and 3 added
Academy: Levels 2 and 3 added
Marketplace: Levels 2 and 3 added
EVENTS : 22 new Events have been added to the random Event pool.
RESEARCH : 19 new Research types are available, including upgrades to Poppy and Galio.
Last Hit Indicators
After a very long time on PBE, we’re excited to bring Last Hit Indicators live! These are primarily aimed at players who are still learning the game (Summoner’s Rift specifically). Because let’s be real, we all used to just randomly hit minions in the hopes that it would kill them without knowing when to do it. We’re going to be letting the indicators sit in queues that newer players are mostly playing and will be monitoring how they’re going before thinking about whether we should extend them further. 
For some context on what you can expect: The indicators only account for permanent damage modifiers, like buying a long sword or leveling up your Varus W, not Sheen or Jax W to prevent health bars from visually jumping around too much. Because of this you’ll sometimes see cases where you get a last hit unexpectedly, but should never miss a last hit that the indicator says you’ll get. Some champs with unique attack patterns like Azir (W) or Graves aren’t supported right now. Finally, ranged champs, particularly low AD champs, will still want to pre-fire their attacks ahead of the indicator to last hit successfully. Let us know how these work for you!
Last Hit Indicators are now available in Co-op vs. AI, Tutorials, Swiftplay, Custom Games , Practice Tool, and RGM Summoner’s Rift queues.
Last Hit Indicators are on by default for newly created accounts, and off by default for existing accounts.
Gameplay Bans for Severely Disruptive Chat
Over the past year, we’ve been cracking down on bad actors for game ruining behavior such as inting and griefing, champion select hostage-taking, and smurfing or account sharing. Our next step in this work is that starting this patch we’re going to start issuing gameplay bans for severely disruptive comms, rather than just chat bans. As mentioned in the recent Community Pact rollout, you’ll need to play with respect or play something else.
We want League to be a game where you don’t have to wonder if someone’s going to threaten anyone with violence or use hate speech in chat. A point of feedback we’ve heard from you is that our current comms penalty policy doesn’t align with your expectations, and it feels wrong to see players who said awful things queuing up for more games immediately, which we agree with. We already issue bans when disruptive gameplay or cheating are detected, and we’re now going to treat comms similarly. Essentially, if someone can’t play League without egregiously harassing other players, they aren’t going to be allowed to play it. 
To be clear, this isn’t about mild flame like “idiot jungler why aren’t you ganking my lane” (though that’s not cool either, and there will be punishments if you say that enough). We’re looking to actively punish severe offenses like hate speech, threats of violence, or severe aggression. This type of behavior isn’t tolerated in League.
Skins
Returning Sanctum Item
This patch, Peacemaker High Noon Yone will be returning to The Sanctum.
Bugfixes & QoL Changes
Fixed a bug where Rek’Sai’s Void Rush could fail to complete its cast if enemies Flashed into fog of war at the same time the ability would finish casting.
Fixed a bug where Senna’s homeguard SFX started and stopped suddenly.
Fixed a bug where Rengar’s passive time wasn’t consistently being extended when attacking.
Fixed a bug where Zeke’s Convergence slow was sometimes stacking with other slows.
Fixed a bug where Zac’s E could be heard in Fog of War by nearby enemies.
Upcoming Skins & Chromas
The following skins will be released in this patch:
Prestige Requiem Sona 
Corrupted Petricite Maokai 
Corrupted Petricite Xerath 
The following chromas will be released this patch:
Prestige Requiem Sona 
Related Articles
Game Updates
2026-05-12T18:00:00.000Z 
League of Legends Patch 26.10 Notes
The season of demons continues with Patch 26.10!
Game Updates
2026-04-28T18:00:00.000Z 
League of Legends Patch 26.9 Notes
It’s time to hunt demons with Patch 26.9!
Game Updates
2026-04-14T18:00:00.000Z 
League of Legends Patch 26.8 Notes
Let’s get groovy with Patch 26.8!
Game Updates
2026-03-31T18:00:00.000Z 
League of Legends Patch 26.7 Notes
Tons of fun and fried chicken to be had!
Game Updates
2026-03-17T18:00:00.000Z 
League of Legends Patch 26.6 Notes
It’s time for First Stand and Shyvana’s update!
Game Updates
2026-02-18T19:00:00.000Z 
League of Legends Patch 26.4 Notes
Happy Lunar Revel, welcome to patch 26.4!
Game Updates
2026-02-03T19:00:00.000Z 
Patch 26.3 Notes
Celebrate the new year and revel in Patch 26.3 🎊
Game Updates
2026-01-21T19:00:00.000Z 
Patch 26.2 Notes
Patch 26.2 ready to deploy!
Game Updates
2026-01-07T19:00:00.000Z 
Patch 26.1 Notes
Demacia rises in Patch 26.1 🛡️"
26.06,26.06,16.06,League of Legends Patch 26.6 Notes,2026-03-17T18:00:00.000Z,https://www.leagueoflegends.com/en-us/news/game-updates/league-of-legends-patch-26-6-notes,It’s time for First Stand and Shyvana’s update!,"League of Legends Patch 26.6 Notes 
League of Legends Patch 26.6 Notes
It’s time for First Stand and Shyvana’s update!
Game Updates Riot Riru, Riot Cashmiir, sternest 
2026-03-17T18:00:00.000Z 
IT'S SHYVANA TIME Y'ALL! 
Welcome to patch 26.6! In this week's patch we have Shyvana's new update hitting the Rift with a brand new model, visual effects, voice over, and skins, all of which will come out alongside her release! We've also got your usual balance changes, a new skinline, Warhounds, and balance changes for Arena and ARAM: Mayhem with a toooon of bugfixes! 
This patch's live balance focuses on a small set of outliers and most importantly looks to restore Lissandra to her old 3-second Q cooldown glory. 
Don't forget that First Stand is kicking off this week so make sure you tune in to see teams fight it out in our first tournament of the year! 
Looking for more information on all things League of Legends? Check out our community-run wiki here ! 
Wrong patch notes? You can find the TFT patch notes here ! 
Lilu ""Riot Riru"" Cabreros 
Erika “Riot Cashmiir” Haas 
Steven “Riot sternest” Earnest 
Mid-Patch Updates
MARCH 20, 2026 UPDATES 
Shyvana
Passive Armor per Stack: 0.4 ⇒ 0.3
Passive Magic Resistance per Stack: 0.4 ⇒ 0.3
Q On-Hit Cooldown Reduction: 1.25 ⇒ 1 second
Q Passive Max Health Damage: 1% (+ 1.7% per 100 bonus AD) (+ 1.3% per 100 AP) ⇒ 1% (+ 1.1% per 100 bonus AD) (+ 1.1% per 100 AP)
W (Dragon Form) Heal: 100-250 (+ 10% bonus AD) (+ 5% AP doubled based on missing health) ⇒ 75-200 (+ 10% bonus AD) (+ 5% AP doubled based on missing health)
E Damage: 80/120/160/200/240 (+ 50% bonus AD) (+ 70% AP) ⇒ 80/110/140/170/200 (+ 35% bonus AD) (+ 70% AP)
E Slow Efficacy: 30/35/40/45/50% ⇒ 20/25/30/35/40%
R Fear Duration: 1 ⇒ 0.75 seconds
Cassiopeia
The Cassiopeia changes noted in this patch did not ship to live due to an error and have been delayed to a future patch.
Olaf
Q Base Damage: 60 / 110 / 160 / 210 / 260 ⇒ 70 / 120 / 170 / 220 / 270
Q Bonus Monster Damage: 10 / 25 / 40 / 55 / 70 ⇒ 20 / 35 / 50 / 65 / 80
Rift Herald
The following Rift Herald actions now proc Overgrowth: Charge, Spin Attack, and Auto Attack
Arena Bugfixes
Fixed a bug where a player could get multiple augments from the same round
Fixed a bug with Shardholder always displaying 20%
Patch Highlights
Warhound Naafiri, Warhound Senna, and Warhound Warwick will be available March 18, 2026.
Shyvana Update
Shyvana's update goes live this patch and we're excited for all of you to try her out! Not only will she have a brand new look, she'll also be sporting an updated kit, visual effects, voice over, and skins, all of which will come out alongside her release. 
As a heads up at the time of writing she is still being fine tuned on PBE so these numbers you see below may have changed by the time you're seeing this. 
Oh, and for the real ones we're bringing back the Leg Day bundle so make sure you drop by the shop to check it out!
Passive - Scalemail
Takedowns on champions, large minions, and monsters earn Shyvana stacks of Scalemail; each stack grants Shyvana permanent 0.4 Armor and 0.4 Magic Resist.
Large monsters and siege minions grant 1 stack.
Champions and Epic monsters grant 3 stacks.
Q - Emberstrike
Cooldown: 6 seconds
Passive: Shyvana's Attacks deal 1% (+1.7% per 100 AD + 1.3% per 100 AP) max Health magic damage On-Hit and reduce this Ability's cooldown by 1.25 seconds.
Active: Shyvana's next Attack strikes the target and the surrounding area, dealing 10-30 (+ 110% AD) (+ 25% AP) physical damage. This Ability may be Recast after an Attack or short delay within the next 4 seconds.
Dragon Form: Shyvana gains an additional Recast, causing her to bite the target of her next Attack, dealing 15-45 (+ 165% AD) (+ 37.5% AP) true damage.
W - Inferno Aegis
Cooldown: 12 seconds
Shyvana wraps herself in flames for 2.5 seconds, gaining 60-140 (+ 5% HP) Shield, increased by 24-42 (+ 1.5%) HP per nearby enemy champion, and 25% Move Speed, increased to 44% when moving towards enemy champions. When the effect ends, the shield is broken, or upon Recast, the area around her detonates, dealing 80-160 (+ 40% bonus AD) (+ 20% AP) magic damage.
Dragon Form: If the detonation hits an enemy champion, Shyvana restores from 100-250 (+ 10% bonus AD) (+ 5% AP) to 200-500 (+ 20% bonus AD) (+ 10% AP) Health based on her missing Health.
E - Molten Burst
Cooldown: 10 seconds
Shyvana launches a fireball at the target location dealing 80-240 (+ 50% bonus AD) (+ 70% AP) magic damage and Slowing by 50% for 2 seconds. It explodes upon striking an enemy or reaching its terminus.
Dragon Form: Shyvana's fireball is larger and pierces through enemies. Upon striking a champion, large monster, or reaching its terminus it triggers a pulse of fire that deals 100-300 (+ 62.5% bonus AD) (+ 87.5% AP) magic damage and Slows by 50% for 2 seconds. The fireball leaves behind a trail for 2 seconds that deals 5-25 (+ 5% AP) magic damage per second.
R - Dragon's Descent
Requires 100 Fury to activate.
Passive: Shyvana generates 1.25 Dragon Fury by striking enemies with Attacks and Abilities, increased by 200% while in Dragon Form, and reduced 75% when striking in an area against non-champions.
Active: Shyvana transforms into her Dragon Form, becoming Unstoppable, and flying to the target location breathing fire on enemies below dealing 150-350 (+ 100% AP) magic damage and causing them to Flee for 1 second.
While transformed, Shyvana's basic Abilities are upgraded, she gains 150-350 bonus Health, size, and Attack Range. Shyvana loses Dragon Fury over time and her transformation ends when she has no Dragon Fury remaining.
First Stand
First Stand kicked off yesterday in São Paulo, Brazil! Make sure to tune in as the top teams from each region duke it out for the first opportunity for silverware this year! The finals happen on March 22 so be sure to tune in. 
Our Esports rev share skin this year is Warhound Senna. Riot will share a portion of proceeds for War Hound Senna and skin bundles with LoL Esports Teams.
Champions
Ahri 
A moderate buff to Ahri back in 26.3 skyrocketed her to the top of the mid lane pool and pushed her power a bit too far. Her overall waveclear is quite powerful right now, so we're targeting her Q's base damage as it could stand to lose some power.
Q - Orb of Deception
Damager per Pass : 40 / 65 / 90 / 115 / 140 ⇒ 35 / 60 / 85 / 110 / 135 
Azir 
In this patch we're looking to make Azir a bit more powerful for players at home. These changes should be pretty appreciable for all Azir players, regardless of rank.
Q - Conquering Sands
Damage AP Ratio : (+ 35% AP) ⇒ (+ 35 / 40 / 45 / 50 / 55% AP) 
W - Arise!
Damage : 0-45 (5 damage per level starting at level 10) ⇒ 0-72 (7 damage per level starting at level 10) 
Damage AP Ratio : (+ 32.5 / 40 / 47.5 / 55 / 62.5% AP) ⇒ (+35 / 42.5 / 50 / 57.5 / 65% AP) 
Cassiopeia 
We're looking to get more damage in Cassiopeia's poison this patch, particularly when for her mid lane players. We want to give her more freedom to look for trades and to feel rewarded when she finds successful ones, so we're bumping up her base Mana and empowered E scaling.
Base Stats
Base Mana : 450 ⇒ 480 
E - Twin Fang
Bonus Magic Damage to Poisoned Targets : 20 / 43 / 66 / 89 / 112 ⇒ 20 / 45 / 70 / 90 / 120 
Lissandra 
The Queen of Ice has not ruled in a very, very long time... thankfully, a lot of her biggest problem children like Everfrost and Aftershock aren't in her toolkit anymore, so we're looking to give her some a chill buff. We want to do this by letting her get that 2nd Q off more reliably in those tighter combos. We think this is going to be a big power-up, so we want to make sure she's not icing out her AD melee matchups too hard without affecting her durability in others.
Base Stats
Armor Growth : 4.9 ⇒ 4.2 
Q - Ice Shard
Cooldown : 8 / 7 / 6 / 5 / 4 ⇒ 7 / 6 / 5 / 4 / 3 
Olaf 
Olaf top is fine but he's lagging behind in the jungle. As such, we're improving his clear, making his ganking stronger and leaning into his identity as a risky, low health fighter. We hope to keep top lane in a fairly stable place while boosting his jungle performance.
Base Stats
Base Attack Speed : 0.694 ⇒ 0.72 
Q - Undertow
Slow Amount : 25 / 30 / 40 / 45% for 1.5- 2.5 seconds (based on distance) ⇒ 30 / 40 / 45 / 50% for 1-3 seconds (based on distance) 
Bug Fix : Enemies only struck by the Lollipop at the end of the Q are now slowed for the proper amount of time (was a fixed 30% slow).
W - Tough it Out
Bug Fix : If you cast W while the previous cast was still active, it now properly re-applies its effects rather than just refreshing the prior cast (you get the attack reset and the AS value is updated).
E - Reckless Swing
Damage to Self : 30% of Damage Dealt ⇒ 40% of Damage Dealt 
Pyke 
Pyke has often toed the line around being strong enough to be worth playing in most skill brackets and being overbearing in Elite levels of play. Recently, he's crossed that line and is due for a power reduction. We want to keep his ability to strongly punish squishy lanes and deal tons of damage at the drop of a hat, so for this patch's nerf we're making him more easily counter-attacked when he makes a mistake or gets caught by a well-placed engage.
Base Stats
Base Armor : 43 ⇒ 37 
Shen 
Shungle is performing better than he is in the top lane, not to mention he's also outperforming many other junglers with one of the best clear speeds in the game, reliable ganks, and a global presence starting at level 6. Given the latter two strengths, we think it's fair to reduce his clear speed in order to keep the other two intact. 
Q - Twilight Assault
Monster Damage Cap : 120 / 140 / 160 / 180 / 200 ⇒ 100 / 125 / 150 / 175 / 200 
Skarner 
Our few Skarner top laners have gained tremendous empathy for their solitary Brackern, as their brethren scattered and left them to become the last of their kind. By letting him cast more freely in lane while also giving him some more trading power on his bread and butter ability, we hope some of our scorpion bros will come out of hiding in top lane (and jungle too!)
Q - Shattered Earth
Mana Cost : 45 ⇒ 30 
Third Attack Target Max Health Damage : 9% ⇒ 11% 
Tryndamere 
We're back for another Tryndamere buff as he's still underperforming relative to other top laners. Arguably the highlight of Tryndamere is right clicking enemy champions and killing them with crits. He can already do that extremely well in the early game, so how about doing it in the late game, too?
Base Stats
Attack Speed Ratio : 0.694 ⇒ 0.725 
Zaahen 
Zaahen has caught on as one of the strongest top laners and junglers in the game. In our view his jungle performance is farther over the line, so we're delivering some nerfs with a moderate jungle skew to them. His W is more core to his ganking than it is to his laning, and this E nerf is jungle-skewed and will reduce his ability to create and react to pressure early on.
W - Dreaded Return
Secondary Damage : 40 / 60 / 80 / 100 / 120 (+ 50% bonus AD) ⇒ 30 / 50 / 70 / 90 / 110 (+ 30% bonus AD) 
E - Aureate Rush
Bonus Damage to Monsters : 75 ⇒ 50 
Items
Chempunk Chainsword 
Chempunk has been the weakest and least popular of the grievous wounds options for a while now. The reality is often that the AD fighters that would rely on this as their source of Grievous Wounds are also just worse at applying it and keeping it applied to key targets. As such, we are giving it a small buff so it can match up better with its Grievous peers
Combine Cost : 350 gold ⇒ 250 gold 
Total Cost : 3100 ⇒ 3000 gold 
Sunfire Aegis 
Sunfire Aegis has felt annoying to purchase but we don't think the item itself is underpowered, leading us to the smallest of buffs in this patch. Tanks typically can't earn as much gold as other classes of champions, so instead of leaving them empty handed we're smoothing out the build path!
Build Path : Bami's Cinder + Chain Vest + 1000 gold ⇒ Bami's Cinder + Chain Vest + Ruby Crystal + 600 gold 
Systems
FARMING AS SUPPORTS
At one point in League's history it was optimal to run several support items on the same team, which was nerfed by making these items track your income and penalize it if you killed too many minions. Now that it's impossible to have more than one support on the team in any competitive environments, we're heavily softening this restriction, to the joy and elation of mage support players everywhere. Look, you were just going for some harass, it's not your fault the caster minions were nearby! I'm on your side. We're looking into whether or not we can fully remove this mechanic, but want to make sure it's not optimal to play “Support” role carries in bot lane and take the income from both roles, so you may see more from us here in the near future.
Minion Kills Before Gold Penalty Activates (Before 5 Minutes) : 7 ⇒ 24 
Minion Kills Per 5 Minutes Before Gold Penalty Activates (After 5 minutes) : 20 ⇒ 30 
Summoner's Rift Clash - Noxus Cup
The Noxus Cup will be happening on Summoner's Rift this patch! Grab your 5 stacks and get ready to rumble!
Registration Begins: March 16 @ 11:00 AM (Local Time)
Tournament Dates: March 21 and 22 (~4-7 PM Local Time, varies by region)
If you have any questions or you're just looking for the full 2026 Clash schedule, make sure to check out our Clash FAQ support page .
Arena
With Shavana new update we're giving her her very own augment, along with some love for underserved items. So if you love being a dragon you'll definitely be looking to scoop up this augment.
AUGMENTS AND STAT ANVILS 
Big Dragon Energy 
We wanted to celebrate Shyvana's new style with her own new augment.
Shyvana gains maximum fury and does not decay. Dragon Form's final recast of (Q) Emberstrike does 200% damage.
Omnivamp Shard 
Omnivamp: 25 (melee)/12.5% (ranged) ⇒ 25 (melee)/15% (ranged)
ITEMS 
Fiendhunter Bolts 
Cooldown: 60s ⇒ 20s
Zeke's Convergence 
Cooldown: 30s ⇒ 20s
Crown of the Shattered Queen 
Damage reduction: 50% ⇒ 90%
Linger duration: 3s ⇒ 1.25s
Divine Sunderer 
Melee max health damage: 4% ⇒ 6%
Ranged max health damage: 3 ⇒ 4%
Pre-mitigation healing: 55% ⇒ 70%
Diamond-Tipped Spear 
Max damage range: 1000 ⇒ 800
Ability damage max multiplier: 40% ⇒ 50%
Goredrinker 
Heal base AD ratio: 20% ⇒ 35%
Missing HP heal: 15% ⇒ 18%
Night Harvest 
Damage: 125(+15% AP) ⇒ 160(+40% AP)
ARAM: Mayhem
In this patch, we're continuing our work on improving tank and melee experiences through both Augment updates and champion balance adjustments. 
For Augments, we've taken a look at general movement speed effects, especially cases where excessive mobility created frustrating experiences for melee champions. We've also buffed several newer Augments to make them easier to use and better at delivering on their intended fantasy. Looking to drop a massive Capybara on someone? It's now much easier to land. We've also reworked Make It Rain to make the gold payoff more visible and more celebratory. Now, enemies will burst into coins on takedown, and both you and your teammates can pick them up. 
On the champion side, we're continuing to remove some older ARAM-specific modifiers so these champions can feel closer to their true power levels. 
And last but certainly not least we're doing a broader cleanup to make the augment selection flow smoother and less buggy. We'll continue squishing any remaining issues in future updates. 
Completely unrelated note, the Poros have started a new workout routine…
CHAMPIONS 
Illaoi 
Damage Taken: 105% ⇒ 100%
Healing: 80% ⇒ 90%
Sett 
Damage Taken: 110% ⇒ 100%
Shyvana 
Damage Taken: 105% ⇒ 100%
Sion 
Damage Taken: 110% ⇒ 100%
Swain 
Damage Taken: 115% ⇒ 105%
Healing: 80% ⇒ 90%
Damage Dealt: 95% ⇒ 100%
Urgot 
Damage Taken: 105% ⇒ 100%
Vladimir 
Damage Taken: 105% ⇒ 100%
Healing: 90% ⇒ 100%
Damage Dealt: 95% ⇒ 100%
AUGMENTS 
Droppybara 
AoE Size: 550 ⇒ 650
Max Health True Damage: 25% ⇒ 30%
Slow Amount: 35% ⇒ 45%
Dual Wield 
Attack Speed Bonus: 20% ⇒ 10%
Fire Fox 
Bonus Movement Speed: 40% ⇒ 25%
Ice Cold 
Flat Movement Speed Decrease: 100 ⇒ 75
Juiced 
On-Hit Max Mana % Damage: 3.5% ⇒ 4.5%
Now only affects Champions
Prom Queen 
Charm Duration: 2 ⇒ 1.5 seconds
Sonata 
Self Movement Speed Buff: 50% ⇒ 30%
Ally Movement Speed Buff: 30% ⇒ 20%
Speed Demon 
Decay Time: 1 ⇒ 0.75 seconds
Stuck In Here With Me 
Now casts for Katarina as soon as she begins channeling her Ultimate
Triggered Inferno 
Movement Speed per Stack: (2.75 - 3.5) ⇒ (4.25 - 5)
Damage per Shot: 10 - 40 (+ 0.35 AD) (+ 0.2 AP) ⇒ 20-40 (+ 0.4 AD) (+ 0.25 AP)
Watch Out Cupcake 
Gold for Non-Holder: 15 ⇒ 50
AUGMENT SETS 
Make It Rain 
Enemies now drop coins on takedowns.
Level 2: Drops 6 coins
Level 3: Drops 12 coins
Dropped Coins each grant 5 gold and can only be picked up by the Augment holder and allied champions.
QUALITY OF LIFE CHANGES 
Red Envelopes No longer Appear on the Minimap for either team
Final City Transit now only displays a chat message to the augment's owner per champion hit.
Vampirism and Perseverance are now mutually exclusive and are no longer offered when you possess one or the other.
Slap Around now has an icon for its associated debuff.
Champion Summons such as Naafiri's Packmates no longer display a chat message when they have a large amount of Hats.
Bugfixes
Fixed a bug where purchasing a Stat Anvil would prevent Augments from being offered in Mayhem ARAM.
Fixed a bug where Ornn's Living Forge (P) could trigger an unintended Augment selection after purchasing a Stat Anvil.
Fixed a bug where the Gold Augment Cheating allowed access to the Shop during Augment Selection.
Fixed an issue where Augment Selection could be replaced by Stat Anvil Selection when purchasing Stat Anvils.
Fixed a bug where the last rerolled Augment could refresh upon death if no selection was made while multiple offerings were queued.
Fixed a bug where level 11 and 15 Augment offerings could fail to be awarded if the player died while multiple offerings were queued.
Fixed a bug where High Roller's queued Anvils were not offered after recalling with the Cheating Augment.
Fixed a bug where Sion would lose part of his Magic Resist after his first death in Mayhem.
Fixed an issue where Ornn could see Void Immolation in his passive shop window.
Fixed a bug where Zilean R would remove Magic Resist from Melee allies when reviving them.
Fixed a bug where Xerath and Ziggs could double trigger Rabble Rousing and Ominous Pact from a single spell cast.
Fixed a bug where Viego could use the shop after exiting possession of an enemy.
Fixed a bug where Augment cards could open during combat if enemies were inside your base.
Fixed a bug where Viego could lose his upgrade from “King Me” if he completed the quest while possessing an enemy.
Fixed a bug where Viego's King Me upgrade would be reverted after exiting possession of an enemy.
Fixed an issue where being granted Wooglet's Witchcap caused the player to lose an extra Needlessly Large Rods.
Fixed a bug where players could no longer purchase items after taking lethal damage if a Stat Anvil selection was in progress.
Fixed a bug where players no longer could purchase items during Stat Anvil selection after recalling with the Cheating Augment.
Fixed an issue where choosing the Upgraded Mikael's Blessing augment could fail to grant the item.
Fixed a bug where Escape Plan's cooldown reset upon death.
Fixed a bug where Karthus' Overflow mana consumption would return to normal after revival instead of maintaining the increased cost.
Fixed a bug where Neeko with Tap Dancer could infinitely stack while transformed into a minion and performing basic attacks.
Fixed a bug where some recasts incorrectly had mana costs while using the Overflow.
Fixed incorrect spacing in upgraded passive descriptions for multiple upgraded items in tooltips.
Fixed a tooltip error where Bounce of the Poro King incorrectly stated it impacted non-champions.
Fixed a bug where Sion could not use abilities in his passive form if he had the Overflow augment.
Fixed a bug where if Quinn had Back to Basics, she would respawn in her Ultimate Form.
Fixed a bug where the upgraded Thornmail item name was missing in the chat callout.
Fixed a bug where Dropkick could grant persistent vision of a killed enemy champion after participating in a takedown.
Fixed a bug where the Upgrade Immolate tooltip did not track gold gained from its effect.
Fixed a bug where Red Envelopes did not grant Attack Damage when collected.
Fixed a bug where Prom Queen's cooldown would incorrectly start upon activation.
Fixed a bug where Cheating's recall could be interrupted by Firefox auto-cast.
Fixed a bug where Mordekaiser's Darkness Arise (P) generated Empowered by the Faithful stacks per tick of damage.
Fixed an incorrect cooldown interaction between Upgrade Zhonya's and Wooglet's WitchCap.
Fixed a bug where, with Pinball equipped, Triggered Inferno could replace the Summoner Spell slot with Dash after casting Mark at least once.
Fixed an issue where Upgrade Mikael's Blessing upgraded Purify cooldown was displayed incorrectly.
Fixed an issue where the Wee Woo Wee Woo set bonus VFX was difficult to see when paired with I'm a Baby Kitty Where Is Mama.
Fixed a bug where Soraka's P and the Wee Woo Wee Woo Set Bonus could drastically reduce Movement Speed when taking Empowered by the Faithful.
Fixed a UI issue where Aphelios UI combined with left-side minimap settings caused Augments to appear on the wrong side and could not be hidden.
Fixed an issue where Aphelios could not open the Hextech panel by pressing the C key in Mayhem ARAM.
Fixed a bug in Mayhem ARAM Custom Mode where selecting Butcher's Bridge would load Howling Abyss instead.
Fixed an issue where Atma's did not display the Ability Haste it grants.
Fixed a bug where Hextech Foxfire incorrectly triggered the 5% Health cost from Hextech Ominous Pact on cast.
Fixed a bug where the “Firefox” effect incorrectly triggered the Archmage trait set bonus.
Fixed a bug where Ornn's free elixir at level 12 caused his passive ability to go on cooldown.
Fixed an issue where Golden Spatula would sometimes not be granted by the Urf's Champion augment.
Fixed a bug where Tryndamere could be killed during his R after triggering Upgrade: Sheen.
Fixed a bug where Infernal Conduit caused Grandma's Chili Oil to trigger more often than intended.
Fixed a bug where From Beginning to End granted more Dark Harvest stacks than intended when combined with Transmute Augments.
Fixed a bug where the Divine Intervention augment showed a blank debuff icon.
Fixed a bug where the Dive Bomber set bonus showed a blank debuff icon.
Fixed a bug where Feel the Burn showed a blank debuff icon.
Fixed a bug where Nasus Q did not properly display how many stacks it granted in both ARAM and Mayhem.
Bugfixes & QoL Changes
Polished the code for Ranked Apex Duo Restriction, ruled out some edge cases that don't work as expected. Those edge cases only affect a very small number of players as it usually caused by lower Apex rank + higher MMR duo that should have been disallowed, and we have it fixed in 26.6
Fixed a bug that caused Mel's Q to go on cooldown after blocking Zac's Q with her W.
Fixed a bug that caused Samira to cast Q with no effect if it was immediately cast after using her W then R.
Fixed a bug that caused Ivern's E shield damage to count towards Samira's passive.
Fixed a bug that caused Zac to be audible in the Fog of Ward by nearby enemy players.
Fixed a bug that caused Senna's homeguard SFX to suddenly start and stop.
Upcoming Skins & Chromas
The following skins will be released in this patch:
Warhound Naafiri 
Warhound Senna 
Warhound Warwick 
The following chromas will be released this patch:
Warhound Naafiri 
Warhound Senna 
Warhound Warwick 
Related Articles
Game Updates
2026-05-12T18:00:00.000Z 
League of Legends Patch 26.10 Notes
The season of demons continues with Patch 26.10!
Game Updates
2026-04-28T18:00:00.000Z 
League of Legends Patch 26.9 Notes
It’s time to hunt demons with Patch 26.9!
Game Updates
2026-04-14T18:00:00.000Z 
League of Legends Patch 26.8 Notes
Let’s get groovy with Patch 26.8!
Game Updates
2026-03-31T18:00:00.000Z 
League of Legends Patch 26.7 Notes
Tons of fun and fried chicken to be had!
Game Updates
2026-03-03T19:00:00.000Z 
League of Legends Patch 26.5 Notes
Welcome to the official patch of First Stand, the first major international tournament of the year!
Game Updates
2026-02-18T19:00:00.000Z 
League of Legends Patch 26.4 Notes
Happy Lunar Revel, welcome to patch 26.4!
Game Updates
2026-02-03T19:00:00.000Z 
Patch 26.3 Notes
Celebrate the new year and revel in Patch 26.3 🎊
Game Updates
2026-01-21T19:00:00.000Z 
Patch 26.2 Notes
Patch 26.2 ready to deploy!
Game Updates
2026-01-07T19:00:00.000Z 
Patch 26.1 Notes
Demacia rises in Patch 26.1 🛡️"
26.07,26.07,16.07,League of Legends Patch 26.7 Notes,2026-03-31T18:00:00.000Z,https://www.leagueoflegends.com/en-us/news/game-updates/league-of-legends-patch-26-7-notes,Tons of fun and fried chicken to be had!,"League of Legends Patch 26.7 Notes 
League of Legends Patch 26.7 Notes
Tons of fun and fried chicken to be had!
Game Updates Riot Riru, Riot Cashmiir, sternest 
2026-03-31T18:00:00.000Z 
This patch's live balance is on the smaller side as our focus shifts increasingly toward the season two update next month. We've got some adjustments to the support pool, with Nami and Karma dominating the high-skill support space and Rell all but disappearing. Otherwise, our nerfs are mostly to strong statistical over-performers. 
Wrong patch notes? You can find the TFT patch notes here ! 
Lilu ""Riot Riru"" Cabreros 
Erika ""Riot Cashmiir"" Haas 
Steven ""Riot sternest"" Earnest 
Patch Highlights
Fried Chicken King Swain, Bubble Bash Blitzcrank, Pug Trainer Sejuani, Choncc Kench, Surprise Party Vex, and Prestige Money Miser Mordekaiser will be available April 1, 2026.
April Fool's 2026
In celebration of one of our time-honored traditions, we've been in the kitchen cooking up some extra crispy unlocks for you this patch.
Swain's Hot Chicken Rewards Program
The world's #1 franchise has set up a loyalty program for its favorite customers! Playing games will grant progress along the milestone track and unlock the following rewards for FREE.
Milestone 
Reward 
1 
""You Rang?"" Icon 
2 
500 BXP 
3 
""Unseen Bite"" Icon 
4 
""Mrrrow"" Emote 
5 
""Chef's Kiss"" Emote 
6 
""Definitely Not"" Emote 
7 
500 BXP 
8 
""Trois Baguettes"" Emote 
The rewards will be earnable for a limited time, ending with patch 26.8. Play and redeem them before corporate finds out!
Hextech Chest Superfans Unite!
For a limited time, players can display their true feelings for Hextech Chests. By purchasing the Hextech Fan Bundle for 250 RP, you will get a Hextech Chest, Hextech Key, and the super special ""I <3 Hextech Chests"" Title. You love them, they love you back, and it's time to let the whole world know.
Chaos on the Rift
This patch, be sure to check out non-ranked Summoner's Rift for some special chaos, ranging from disguised minions and monsters to items with rarity tiers! You'll need to play for yourself to find out all the features, but some of them include:
Dearest Karthus (chance on death to summon a Karthus ult onto the enemy team)
Shiny Minions and Monsters (chance for minions and monsters to be shiny, dropping gold coins on death which either team can pick up)
GP5 Items, and the Lucky Urf Statue that builds from them
Shiny Items (chance for completed items to be Uncommon, Rare, Mythic, or Legendary, gaining small stat bonuses and a shiny border)
Hats on Takedown
Certain Minions and Monsters have a chance to be disguised
Champions
Cassiopeia 
We're looking to give some mid-favored love to Cass, who hasn't found her… uh… footing in the new season. By bumping up her base mana and empowered E scaling, she should feel a bit more freedom to angle for trades as well as be more rewarded when she finds them.
Base Stats
Base Mana : 450 ⇒ 480
E - Twin Fang
Bonus Magic Damage : 20 / 43 / 66 / 89 / 112 ⇒ 20 / 45 / 70 / 95 / 120
Graves 
Graves has seen a ton of play since his True Grit buffs, and even though he's found pretty solid success with more durable builds, players are understandably still chasing those high roll crits to great results. Rather than rolling back his E buffs or pushing him further towards one build, we figured the best thing we can do is make his early clear and skirmishing a bit less consistent by dusting off an old wrench we haven't used in half a decade, though we are keeping an eye on his 4-digit autos!
Base Stats
Base attack damage : 68⇒ 66
Kalista 
Kalista and her players have been patiently awaiting buffs, and we're also ready to see her unleash her wrath once again. This change is aimed at making her hit harder when she finds an opening to stack up her spears.
E - Rend
Total AD scaling on bonus damage per additional stack : (+ 20 / 25 / 30 / 35 / 40% AD) ⇒ (+ 20 / 27.5 / 35 / 42.5 / 50% AD)
Karma 
Karma has been a force to be reckoned with in high-skill support play for some time now. We think Karma's strong early game is healthy, but we're tuning down her midgame shields to be less inspiring, as it's the only ability actually worth empowering and her enchanter builds far outperform her mage ones. This change should bring her Mantra options closer to equilibrium!
R - Mantra
Empowered E - Defiance Bonus Primary / Secondary Target Shield : 50 / 100 / 150 / 200 (+45% AP) ⇒ 45 / 85 / 125 / 165 (+45% AP)
Nami 
We're nerfing another one of the most powerful supports to bring her in line with other options. Nami often excels in extremely aggressive early lanes, utilizing W self cast to bounce damage to enemies and getting high value out of both effects in a single cast. Now she will need to be more intentional about whether she wants the heal or the damage more.
W - Ebb and Flow
Bounce Modifier : -10% (+10% per 100 AP) effect per bounce ⇒ -20% (+15% per 100 AP) effect per bounce
Ornn 
Ornn has been a standout among top lane tanks across all player skill levels, helped by the new top lane role quest accelerating his access to Masterworks. We believe he has an appropriate amount of CC and durability, but we're lowering his personal damage threat, especially against other high health champions.
W - Bellows Breath
Brittle Proc Damage : 10-18% (Levels 1-18) ⇒ 9-17% (Levels 1-18)
Rell 
In addition to our nerfs to Karma and Nami,, we're buffing one of our tank supports. Our hope here is to provide our favorite iron steed rider with a buff that drives excitement during her high points, so we're making the horse go fast and further rewarding her clutch engages.
E - Full Tilt
Move Speed : 3s of 10%, increased to 25% when facing the empowered ally or a visible enemy champion ⇒ 15%, increased to 30%
R - Magnet Storm
Damage : 120 / 200 / 280 (+110% AP) ⇒ 150 / 200 / 350 (+110% AP)
Shyvana 
Ultimate haste no longer provides passive 0.015 passive fury generation per second but instead amplifies all fury generation by 1% per 1 ultimate haste. This should make ultimate haste function for Shyvana more similarly to how ability haste does for normal abilities. 
We also micropatched some Sylas interactions last week. He was dealing too much damage when stealing Shyvana's Q by applying her on-hit damage twice and essentially double-dipping on his total attack damage vs. his primary target.
Singed 
Singed has been a big winner this season with free teleport, experience, Protoplasm, homeguards, weaker grubs…the list is almost as long as the number of ingredients in his Insanity Potion! Instead of making his early game even more vulnerable, we want to make Singed a bit more reliant on his own accumulated gold rather than his experience and free stats, especially now that he's also doing a better job tanking damage.
R - Insanity Potion
Bonus Stats : 25 / 60 / 95 ⇒ 25 / 55 / 85
Veigar 
Veigar has often been at the threshold of being considered overpowered in bot lane, and he's been maintaining enough of a play rate there that it's time to step in. One thing different between bot Veigar and mid Veigar is his scaling nature. In bot, he's actually even more of a snowball champion than in mid where his win rate steadily climbs over game time. So we're blunting that early-mid spike with a cooldown nerf that his mid players aren't as reliant upon and can more easily outscale.
R - Primordial Burst
Cooldown : 100 / 80 / 60 ⇒ 120 / 90 / 60
Systems
Farming as Supports
After last patch where we weakened this mechanic, we're now completely disabling the reduction in gold that used to kick in when support players killed too many minions in quick succession. This was added back when it was optimal to run two or more support items in the game, but now that it's impossible to do so in competitive environments, we feel this extra restriction is unwarranted. We'll be keeping an eye on support and bot laner dynamics around who farms the waves after this lands. We don't expect much will change but supports who have to catch some farm here and there shouldn't feel bad about it now.
Autofill and Secondary Matchmaking Improvements
Following the update we gave in 26.5, we are happy to confirm that the Autofill and Secondary Matchmaking has been enabled in all regions (e.g. trying to match autofill jungle vs autofill jungle). 
We've seen very positive results and significant improvements on better in-lane match-ups, and will keep monitoring the performance of it.
ARAM: Mayhem
Our Poros have evolved…ARMS? Welcome to the April Fools patch! 
This patch brings a variety of easter eggs to the Bridge, including a buffed Poro and rainbow-colored health bars. Keep an eye out and things might not be quite what they seem.
Gameplay & Systems Updates
This patch focuses on reducing frustration around Augments and champion quality of life.
For Poro Blaster, we've adjusted its knockback behavior to be less punishing for melee champions. It will now only knock back once when you have 5 Poros, and we've reduced the respawn timer to keep the action flowing. We've also made a small adjustment to Void Rift to make its periodic damage less overwhelming.
Bugfixes & Improvements
This patch includes fixes for several champion-specific interactions, particularly around the shop and Augment behavior. We've also continued improving overall Augment usability, including fixes for: Prom Queen's charm interaction, Shyvana with Final City Transit, Neeko with firefox issue and Azir's Minion Mancer behavior.
We'll continue improving the Mayhem experience. Cheers, and see you on the Bridge!
Augments
Poro Blaster 
NEW    Knocks back enemies once only when you have 5 poros.
Poro respawn time: 5s ⇒ 3.5s
Void Rift 
Added 0.75 second cooldown per target.
Champions
Shyvana 
Fury Generation: 1.25 ⇒ 2.5
April Fool's
Vengeful Poros 
Poros now use their muscular arms to move and attack players who hoard poro snax, dealing 1 true damage repeatedly until one of them gets fed.
Cheerful Poros 
A Poro (or Wharf Rat) will welcome players in chat at game start.
Poro Snax 
Poro Snax now visually look like cheeseburgers.
Flash 
Flash leaves behind an emoting afterimage.
Healthbar Scaling 
Healthbars scale with champion size.
Turrets 
Turrets flash Mastery when they kill a champion and use an emote when destroyed. Dying to a turret has a chance to self-ping Missing.
Dearest Karthus 
There's a small chance for an automatic chat message addressed to Karthus when Karthus reaches level 6.
Howling Abyss 
There's a small chance for Lissandra to send a message at the end of the game.
Party Favors 
New Item, Party Favor, is in the shop. Using it starts or joins a dance party. The more the merrier!
Custom Healthbar Colors 
New Item, Custom Healthbars, is in the shop. Purchase automatically changes the color of the buyers healthbar to the corresponding color.
Quality of Life Changes
All champion abilities that directly interact with stats (Yasuo Q Cooldown, Kai'sa Evolutions) now scale with stat anvils in Mayhem.
Vampirism is no longer offered if you have Warmog's Armor.
Draw Your Sword is no longer offered if you have Runaan's Hurricane.
Kayn no longer loses the ability to shop after choosing a form.
Yuumi no longer loses the ability to shop after attaching to an ally.
Dropkick no longer overrides a champion's execute indicator if they have one.
Little Legends no longer display an icon on the minimap.
Bugfixes
Fixed a bug where Shyvana lost fury on death with Final City Transit.
Fixed a bug where Azir's W soldier damage was not increased by Minionmancer.
Fixed a bug where Katarina's Q and W would trigger Stuck Here With Me.
Fixed a bug where Mel could reflect Heads Up Cupcakes with W and gain gold from the generated cupcakes.
Fixed a bug where Neeko selecting Firefox would interrupt her form transformation.
Fixed a bug where Gangplank's E had no cooldown after selecting certain augments.
Fixed an issue where Shaco with Hextech Vampirism could leave a clone at 0 health indefinitely if R was cast before death.
Fixed a bug where Viego with King Me would upgrade ALL his items after exiting possession.
Kog'Maw W now properly applies on the missile from the Dual Wield Augment.
Fixed an issue where Mel Q would last too long after taking Cheating and Pandora's Box.
Fixed an issue where Ultimate Awakening did not refresh Rengar's basic ability cooldowns.
Fixed an issue where Sion with Ultimate Revolution could refresh R duration incorrectly when casting R again in zombie form.
Fixed an issue where Fiddlesticks' W cooldown was not properly refunded from a full cast when selecting Bread and Jam.
Fixed an issue where Samira's Q cooldown was not properly refunded after using her EQ combo.
Fixed an issue where Lightning Strikes attack speed did not reduce Yasuo's Q cooldown.
Fixed a bug where Taliyah with Rabble Rousing could spam R to heal.
Fixed a bug where using Clown College's Deceive spell with Rell's abilities could cause her model to become stuck underground.
Fixed a bug where Graves' R cooldown was not reduced after selecting Dashing.
Fixed a bug where Kindred's abilities did not reset after casting R with Ultimate Awakening.
Fixed a bug where Heimerdinger could trigger It's Killing Time by simply toggling R.
Fixed a bug where Tahm Kench with It's Killing Time would fail to cast R but still trigger the rune.
Fixed a bug where Renekton could remain invisible after using W with Clown College's Deceive.
Fixed a bug where Udyr could remain invisible after using R with Clown College's Deceive.
Fixed an issue where Skilled Sniper sometimes failed to refund cooldowns when hitting enemies with multiple spells at once.
Fixed an issue where after Viego transforms into a champion with Heartsteel and then transforms back, enemies would still see the Heartsteel icon.
Fixed an issue where Courage of the Colossus would trigger on self-crowd control.
Fixed an issue where purchasing multiple Anvils before selecting a Hex could cause the Hex to disappear.
Fixed an issue where Runaan's Hurricane could be purchased after selecting Draw Your Sword.
Fixed an issue where Little Legends were visible in the enemy base when their owner was dead.
Fixed a bug where Quantum Computing's cooldown could activate while dead.
Fixed a bug where Draw your Sword still counted you as Melee after being transformed into a different augment by Pandora's Box.
Fixed a bug where Impassible's Glacial Augment could be triggered multiple times before going on cooldown.
Fixed a bug where the actual cooldown of Ultimate Awakening was 35 seconds instead of the described 20 seconds.
Fixed a bug where Crit 'n Cast was tagged as a damage augment.
Fixed a bug where Empowered By The Faithful could break movement when using WASD.
Fixed a bug where Atma's did not display its granted Ability Haste.
Fixed a bug where Restless Restoration would restore excessive health when first selected.
Fixed a bug where Poro Blaster could knock back untargetable champions.
Fixed a bug where Upgrade Snowball tooltip incorrectly stated that the area around hit enemies is revealed.
Fixed a bug where Snowball Upgrade slow was not applied when hitting an enemy with Mark while Biggest Snowball Ever was equipped.
Fixed a bug where selecting a Snowball augment while having Snowball with Dash available could grant two Snowball summoner spells.
Fixed a bug where upgraded Lich Bane passive tooltip had incorrect spacing.
Fixed a bug where Prom Queen could charm nearby champions and minions on death.
Fixed a bug where some Flash SFX was missing after casting Flash 2.
Inferno Triggered now properly checks for unique casts.
Fixed a bug where selecting Self-Destruct while dead would trigger an immediate cast of the augment.
Fixed a bug where Banshee's Veil would go on cooldown and not restore health when interacting with Heads Up Cupcakes.
Fixed a bug where Heads up Cupcakes were destroyed by windwalls.
Fixed a bug where Tap Dancer was missing its name when displayed in chat.
Fixed a bug where gaining Hand of Baron while dead caused VFX spam.
Fixed a bug where Hand of Baron's VFX were not removed while dead.
Demacia Rising
26.7 brings the final update to the Demacia Rising metagame, and the conclusion to the story. You can continue to upgrade and improve your kingdom until the beginning of Patch 26.9.
STORY & REWARDS : Chapters 7 and 8 are now available with 16 new objectives. Complete Chapter 7 to unlock the Lux's Gambit icon, and Chapter 8 to unlock the Class of 2026 Emote. Unlock all Research to earn the Demacia Rising banner.
NEW SETTLEMENTS : 4 new Settlements have been added. The Graygate (Heartland), Brenn Tor (Mountain), Wrenwall (Mountain), and Wrimvale (Border)
CHAMPIONS : Jarvan IV and Quinn are now available.
Jarvan IV is a front-line commander who empowers melee units with additional attack damage.
Quinn targets enemies' back lines. She sends Valor to strike enemy ranged attackers.
STRUCTURES : All Towns and Resource Generators (except Petricite Mills) are upgradeable to Level 5. Additionally, several new unique structures are available in research, including:
Raptor Aviary: The Aviary sends Raptor Knights to defend nearby settlements. Upgrades to this structure increase the frequency of Raptor Knights' attacks. Raptor Aviaries are very useful for taking new settlements and defending against dangerous threats.
Graykeep: Building Graykeep begins a chain of 5 unique events, each with permanent changes to your kingdom or units.
RESEARCH : 16 new Research types are available, including upgrades to Kayle and Morgana.
Ranked
When disruptive behavior like AFKing or trolling is detected in a match, full LP refunds will be given to negatively impacted players instead of partial refunds.
Bugfixes & Quality of Life Changes
Fixed a bug that caused Shyvana to lose SFX for all Emberstrike (Q) casts in both Human and Dragon form when using certain skins.
Fixed a bug that caused Mel's Radiant Volley (Q) to go on cooldown after using Rebuttal (W) to block Zac's Stretching Strikes (Q).
Fixed a bug that caused Ivern's Triggerseed (E) damage to count towards Samira's Daredevil Impulse (Passive).
Fixed a bug that caused Riven's Runic Blade (Passive) damage to not be reduced when she critically strikes from items like Sundered Sky or Fiendhunter Bolts.
Fixed a bug that caused vision indicators to remain on champions for the remainder of the game.
Fixed a bug that caused the additional bolts from Runaan's Hurricane to still deal damage and apply on hit effects while blinded.
Fixed a bug where the Reset Game cheat in Practice Tool caused turrets to have higher damage reduction than intended.
Fixed a bug that caused Twisted Fate's Pick a Card (W) to consume a stack of Fiendhunter Bolts even though the attack cannot critically strike.
Fixed a bug where Swiftplay's scoreboard displayed Voidgrubs and Rift Herald counters even though they are not present in the game mode.
Upcoming Skins & Chromas
The following skins will be released in this patch:
Fried Chicken King Swain 
Bubble Bash Blitzcrank 
Prestige Money Miser Mordekaiser 
Pug Trainer Sejuani 
Choncc Kench 
Surprise Party Vex 
The following chromas will be released this patch:
Fried Chicken King Swain 
Bubble Bash Blitzcrank 
Prestige Money Miser Mordekaiser 
Pug Trainer Sejuani 
Choncc Kench 
Surprise Party Vex 
Related Articles
Game Updates
2026-05-12T18:00:00.000Z 
League of Legends Patch 26.10 Notes
The season of demons continues with Patch 26.10!
Game Updates
2026-04-28T18:00:00.000Z 
League of Legends Patch 26.9 Notes
It’s time to hunt demons with Patch 26.9!
Game Updates
2026-04-14T18:00:00.000Z 
League of Legends Patch 26.8 Notes
Let’s get groovy with Patch 26.8!
Game Updates
2026-03-17T18:00:00.000Z 
League of Legends Patch 26.6 Notes
It’s time for First Stand and Shyvana’s update!
Game Updates
2026-03-03T19:00:00.000Z 
League of Legends Patch 26.5 Notes
Welcome to the official patch of First Stand, the first major international tournament of the year!
Game Updates
2026-02-18T19:00:00.000Z 
League of Legends Patch 26.4 Notes
Happy Lunar Revel, welcome to patch 26.4!
Game Updates
2026-02-03T19:00:00.000Z 
Patch 26.3 Notes
Celebrate the new year and revel in Patch 26.3 🎊
Game Updates
2026-01-21T19:00:00.000Z 
Patch 26.2 Notes
Patch 26.2 ready to deploy!
Game Updates
2026-01-07T19:00:00.000Z 
Patch 26.1 Notes
Demacia rises in Patch 26.1 🛡️"
26.08,26.08,16.08,League of Legends Patch 26.8 Notes,2026-04-14T18:00:00.000Z,https://www.leagueoflegends.com/en-us/news/game-updates/league-of-legends-patch-26-8-notes,Let’s get groovy with Patch 26.8!,"League of Legends Patch 26.8 Notes 
League of Legends Patch 26.8 Notes
Let’s get groovy with Patch 26.8!
Game Updates Riot Riru, Riot Cashmiir, sternest 
2026-04-14T18:00:00.000Z 
Let’s get groovy with Patch 26.8!  In this week’s patch we’ve got some changes to some of the more powerful picks right now like Mel and Dr. Mundo while we’re also helping out some struggling champions like Lucian and Hwei. We’ve also made some changes to help avoid players from taking unusable abilities at level 1 like Zyra and Zilean.  In other news, we’ve also got updates to ARAM, ARAM: Mayhem, and Arena, not to mention a bunch of cool and funky skins coming to the Rift this patch. Don’t forget we’ve also got an ARAM Clash coming this patch, the introduction of champion specific keybinds (a long asked for player request), and a swanky new Discord integration coming your way!  Looking for more information on all things League of Legends? Check out our community-run wiki here !   Wrong patch notes? You can find the TFT patch notes here ! 
Lilu ""Riot Riru"" Cabreros 
Erika ""Riot Cashmiir"" Haas 
Steven ""Riot sternest"" Earnest 
Patch Highlights
PsyOps Vladimir, PROJECT: Sivir, Space Groove Zac, and PROJECT: Command Line Master Yi will be available April 15, 2026.
Ranked Season 1 End
The Summoner’s Rift Ranked Season 1 will end on the last day of patch 26.08 cycle, so if you’ve got ranked goals for this season make sure you hit them this patch! Good luck!
Date and Time: Regional local server time midnight (23:59:59) on April 28.
Summoner’s Rift Ranked Season 2 will start on the first day of patch 26.09 cycle.
Date and Time: Regional local server time noon (12:00:00) on April 29.
A few additional things to keep in mind as we wrap up this season:
For all regions, Ranked mission (win 15 ranked games) will be reset with the Season 2 start.
End of S1 ranked reward will be granted on 26.09.
Shard transfer services will be temporarily disabled during season transition until the reward grant is completed.
Champion Specific Keybinds
Champion specific keybinds have arrived! This long awaited player request will go live this patch and will now allow for champion specific overrides to be set for most keybinds. Rumble and Viktor players rejoice, smartcast options can also be toggled on a per-champion basis.  As a heads up, you won’t be able to do this out of game, so make sure you go into practice tool and set them up before jumping into ranked!
Discord Integration
We’re partnering with Discord to make it easier to get into your next League of Legends game with your friends. Linking your accounts unlocks new social features:
Invite Discord friends straight to your party, no alt-tabbing needed!
Copy a party link and share it in your favorite server, no more manually inviting friends one by one.
See which of your friends play other Riot games and jump into parties faster.
We'll be running a Beta across US, Canada and Brazil starting on April 16th. We will continue to test and refine the experience and plan on expanding to additional regions in a few patches.
Champions
Dr. Mundo 
Dr. Mundo has been able to more consistently reach his high points in the jungle where he is less concerned about his slow early game. We are looking to curb some of his clear speed to make sure he can’t go where he pleases too quickly and requires some more time to scale up.
Q - Infected Bonesaw
Monster Damage Cap : 300 / 375 / 450 / 525 / 600 ⇒ 250 / 325 / 400 / 475 / 550
E - Blunt Force Trauma
Monster Damage Cap: : 200%⇒ 140% 
Hwei 
Hwei has remained on the weaker side since the nerfs to his waveclear last year, and we are fixing a bug that we expect to be a further minor nerf. We still believe those waveclear nerfs to be correct as we want Hwei League's coolest combo mage, not just a walking waveclear machine. Therefore, we’re buffing his combo casting output up through his passive.
Passive - Signature of the Visionary
Base Damage : 35 - 230 (Levels 1 - 18) ⇒ 40 - 285 (Levels 1 - 18)
Comboing Slows : Slows from Hwei's abilities now stack with diminishing values.
Bugfix : Slows from Hwei's QE and R abilities no longer stack with slows from other champions / items.
Karma 
Last patch we made some changes to Karma to reduce how generically powerful she was by reducing her midgame shield strength. Unfortunately those weren’t as effective as we had intended so we’re taking another swing at Karma by directly targeting her E power and reducing her base stats a tad so she is more reliant on skillful and intentional ability usage.
Base Stats
Base AD : 51 ⇒ 49
AD Growth : 3.3 ⇒ 3.0
E - Inspire
Mana Cost : 50 / 55 / 60 / 65 / 70 ⇒ 60 / 65 / 70 / 75 / 80
Lillia 
Our favorite bouncing deer has been a bit less than enthusiastic to prance from camp to camp as of late, it’s a scary jungle out there. We’re hoping to give Lillia players some more courage to bring her into the jungle by increasing her ability to have her high move speed translate into a faster clear.
Passive - Dream-Laden Bough
Monster Damage Cap : 65 ⇒ 70-180 (based on level)
Lucian 
Lucian has a unique role as an AD Carry that dashes in, out of, and around fights which is why many of his players enjoy him. Unfortunately, he hasn’t been doing that as effectively recently so we’re looking to remedy that. To get there, we’re lowering both the cooldown and mana cost of his dashes.
E - Relentless Pursuit
Cooldown : 18 / 17 / 16 / 15 / 14 ⇒ 16 / 15.5 / 15 / 14.5 / 14
Mana Cost : 40 / 30 / 20 / 10 / 0 ⇒ 32 / 24 / 16 / 8 / 0
Mel 
Since our recent adjustments to Mel, she’s been hitting too hard with her initial Q missile whether ahead or behind, even as opponents dodge the rest of the spell, so we’re looking to take her damage down a notch. We’re also aiming to reduce how frustrating her W can be by lowering the bonus mobility she gets and the spell’s uptime, with the movespeed now matching her shield and reflect duration.
Q - Radiant Volley
Initial Explosion Damage : 60 / 90 / 120 / 150 / 180 (+ 60% AP) ⇒ 60 / 85 / 110 / 135 / 160 (+ 55% AP)
W - Rebuttal
Cooldown : 35 / 32 / 29 / 26 / 23 ⇒ 38 / 35 / 32 / 29 / 26 seconds
Bonus Movement Speed Duration : 1.5 ⇒ 0.75 seconds
Tahm Kench 
As a champ in both Top and Support, Tahm Kench requires periodic maintenance as the meta shifts to ensure both roles of his roles are equally supported. In this case, Dusk and Dawn's addition to the game this season has shifted this balance in favor of top lane, so we’re adjusting how his passive scales to help balance him out.
Passive - An Acquired Taste
Damage : 6 - 48 (Levels 1 - 11) (+1.5% AP per 100 Bonus HP) (+4.5% Bonus HP) ⇒ 5 - 60 (Levels 1 - 12) (+1.25% AP per 100 Bonus HP) (+4% Bonus HP)
Yuumi 
We’re implementing a couple bugfixes to Yuumi’s ultimate, one of which will sometimes result in the magical cat outputting significantly more healing than she may have grown used to. As such, we’re throwing her a FISH by increasing her base healing and best friend healing to provide a stronger baseline effect.
R - Final Chapter
Heal Per Wave : 30 / 40 / 50 (+10% AP) ⇒ 30 / 50 / 70 (+12% AP)
Best Friend Enhanced Heal : 30% More Healing ⇒ 30 - 60% More Healing (Levels 6 - 12)
Bugfix : The attached ally is no longer healed an additional time whenever Final Chapter heals another ally
Bugfix : Final Chapter's overhealing shield now takes into account Heal/Shield power as well as Grievous Wounds
Zilean 
As a quality of life change we’re looking to make sure Zilean can only put points into abilities he can fully utilize level 1.
W - Rewind
W Level Up : No longer can level W at level 1.
Zyra 
Since the dawn of time Zyra’s have been accidentally putting a point into W and effectively doing nothing level 1. Well no more! We’re adding a small QoL change so Zyra can no longer put her first skill point into W to prevent this type of situation from being a thorn in your side and mental blooming.
W - Rampant Growth
W Level Up : No longer can level W level
ARAM: Mayhem
Hello ARAM Mayhemers!  In this patch, we’re continuing to reduce passive and persistent Movement Speed from Augments to give champions more room to react and make fights easier to read.  To help address overall damage levels, we’re also buffing a number of items and the Health Relic system. Several melee and tank support items now have lower cooldowns, making them more impactful and usable in Mayhem’s fast-paced fights.  See you on the Bridge!
Champions 
Mel 
Rebuttal W Cooldown : 35 / 32 / 29 / 26 / 23 ⇒ 45 / 44 / 43 / 42 / 41
Items 
Immortal Shieldbow 
Cooldown: 75 ⇒ 60 seconds
Locket of the Iron Solari 
Cooldown: 90 ⇒ 75 seconds
Maw of Malmortius 
Cooldown: 75 ⇒ 60 seconds
Protoplasm Harness 
Cooldown: 90 ⇒ 60 seconds
Randuin's Omen 
Cooldown: 90 ⇒ 60 seconds
Shurelya's Battlesong 
Cooldown: 75 ⇒ 60 seconds
Sterak's Gage 
Cooldown: 75 ⇒ 60 seconds
Augments 
Fan the Hammer 
Per Missile Damage : 10 - 52.5 (+ 15% bonus AD) ⇒ 8 - 51 (+ 14% bonus AD)
Giant Slayer 
Movement Speed: 30% ⇒ 20%
Grandma's Chili Oil 
Will no longer heal allied minions.
Movement Speed Stat Anvil 
18% ⇒ 15%
Homeguard 
Time to regain bonus movespeed after taking damage: 3 ⇒ 6 seconds
Quantum Computing 
Outer damage: 200 - 350 (+65% bonus AD) (+ 40% AP) ⇒ + (75% Bonus AD) (+ 45% AP)
No base damage change
Red Envelopes 
Movement Speed from pickup: 150 ⇒ 100
Movement Speed duration: 4 ⇒ 3 seconds
With Haste 
Movement Speed from Ability Haste: 100% ⇒ 70%
??? (Missing Ping) 
Healing towards allies will not be affected by Howling Abyss Buff's heal cut
Bugfixes 
Fixed a bug where Train of the Dead changed directions with champions that have a zombie effect.
Fixed a bug where Crack Open That Egg VFX did not persist correctly on subsequent shields after the initial expiration in Mayhem.
Fixed a bug that caused Karma’s R cooldown to be reduced by the Firefox augment.
Fixed a bug that caused Aphelios to not work with Marksmage.
Fixed a bug where Marksmage Hextech did not trigger additional damage when purchasing Ability Power items on Aphelios in Mayhem ARAM.
Fixed a bug where Graves dealt higher than intended damage with Marksmage in Mayhem ARAM.
Fixed a bug that caused Illaoi’s E clone to gain the effects of the Final Form.
Fixed a bug where Quantum Computing was doing more than double damage on the inside circle.
Fixed a bug where Infernal Conduit dealt higher than intended base damage and scaling in Mayhem.
Fixed a bug where Droppybara incorrectly triggered certain champion passives in Mayhem.
Fixed a bug where Archmage did not affect abilities with deferred cooldowns in Mayhem.
Fixed a bug where Harmful Summoner Spell was not cast when hit by Dash/Mark while Snowball Roulette was equipped in Mayhem.
Fixed a bug where Slow and Steady contained a syntax error in Mayhem.
Fixed a bug where Devil on Your Shoulder did not apply to all target-sourced damage over time effects in Mayhem.
Fixed a bug where Bard did not benefit from Stackosaurus’s set bonus when collecting chimes in Mayhem.
Fixed a bug where Kai’Sa could not evolve her W after gaining Ability Power from Stat Anvil in Mayhem ARAM.
Fixed a bug where Fan the Hammer dealt less of its displayed damage in Mayhem ARAM.
Fixed a bug where Dropkick triggered on turrets and crystals in Mayhem ARAM.
Fixed a bug where selecting Biggest Snowball Ever followed by Pinball caused Pinball to lose its true damage in Mayhem ARAM.
Fixed a bug where Void Immolation’s Immolate effect could stop working shortly after activation in Mayhem.
Fixed a bug where Augments that added an item to your inventory could accidentally consume components of the item without properly compensating you.
Fixed a bug where stat augments could grant two prismatic stat options instead of three in Mayhem.
ARAM
For this patch we’re going to be bringing over some changes we’re also doing in Mayhem so that item actives can come up a bit more frequently.
Champions 
Mel 
Rebuttal W Cooldown : 35 / 32 / 29 / 26 / 23 ⇒ 45 / 44 / 43 / 42 / 41
Items 
Locket of the Iron Solari 
Cooldown: 90 ⇒ 75 seconds
Protoplasm Harness 
ARAM: Cooldown: 90 ⇒ 75 seconds
Randuin's Omen 
Cooldown: 90 ⇒ 60 seconds
Arena
For this patch Arena is looking to open up some alt builds for some champions, along with buffs to champions whose ultimates are designed for a larger spaces.
Champions 
Tristana 
Rocket Jump: 50% AP ⇒ 80% AP 
Explosive Charge: 50% AP ⇒ 80% AP 
: Buster Shot: 100% AP ⇒ 150% 
Sivir 
Boomerang Blade: 60% AP ⇒ 80% AP 
Spell Shield: 50% AP ⇒ 120% AP 
Jarvan IV 
Demacian Standard: 100% AP ⇒ 140% AP 
Senna 
Piercing Darkness: Damage 50% AP ⇒ 80% AP 
Piercing Darkness: Slow 10% AP ⇒ 15% AP 
Curse of the Black Mist: MS 5% AP ⇒ 7% AP 
Dawning Shadow: Damage 70% AP ⇒ 100% AP 
Dawning Shadow: Shield 50% AP ⇒ 70% AP 
Sion 
Soul Furnace: Shield 40% AP ⇒ 60% AP 
Soul Furnace: Damage 40% AP ⇒ 60% AP 
Vex 
Shadow Surge: Cooldown 140/120/100 ⇒ 110/90/70 
Seraphine 
High Note: Damage 50% AP ⇒ 65% AP 
Encore: Cooldown 160/140/120 ⇒ 100/80/60 
Vel’Koz 
Life Form Disintegration Ray: Cooldown 100/90/80 ⇒ 80/70/60 
Viktor 
Arcane Storm: Cooldown 120/100/80 ⇒ 100/80/60 
Camille 
Tactical Sweep: Damage 2.5% per 100 bonus AD ⇒ 3% per 100 bonus AD 
Hookshot: Cooldown 16/15/14/13/12 ⇒ 14/13/12/11/10 
Kled 
Chaaaaaaaarge!!!: Cooldown 140/125/110 ⇒ 60/45/30 
Bugfixes
Fixed a bug that caused Zilean’s Laugh and Taunt VO to not play correctly.
ARAM Clash - Ixtal Cup
The Ixtal Cup will be happening on ARAM this patch! Grab your 5 stacks and get ready to rumble!
Registration Begins: April 13 @ 11:00 AM (Local Time)
Tournament Dates: April 18 and 19 (~4-7 PM Local Time, varies by region)
If you have any questions or you're just looking for the full 2026 Clash schedule, make sure to check out our Clash FAQ support page .
Bugfixes & QoL Changes
Bugfixes
Fixed a bug that caused Zilean’s Laugh and Taunt VO to not play correctly.
Fixed a bug that caused Shyvana’s progress towards her ultimate to not display correctly when pinged.
Fixed a bug that caused Mel’s Q to go on cooldown when blocking Zac’s Q with her W.
Fixed a bug that caused Katarina’s ultimate to be cancellable by pressing the recall button.
Fixed a bug where Yuumi fails to be healed or gain the Homeguard buff upon entering the fountain while attached to Ally Champion.
Upcoming Skins & Chromas
The following skins will be released in this patch:
PsyOps Vladimir 
PROJECT: Sivir 
Space Groove Zac 
PROJECT: Command Line Master Yi 
The following chromas will be released this patch:
PsyOps Vladimir 
PROJECT: Sivir 
Space Groove Zac 
Related Articles
Game Updates
2026-05-12T18:00:00.000Z 
League of Legends Patch 26.10 Notes
The season of demons continues with Patch 26.10!
Game Updates
2026-04-28T18:00:00.000Z 
League of Legends Patch 26.9 Notes
It’s time to hunt demons with Patch 26.9!
Game Updates
2026-03-31T18:00:00.000Z 
League of Legends Patch 26.7 Notes
Tons of fun and fried chicken to be had!
Game Updates
2026-03-17T18:00:00.000Z 
League of Legends Patch 26.6 Notes
It’s time for First Stand and Shyvana’s update!
Game Updates
2026-03-03T19:00:00.000Z 
League of Legends Patch 26.5 Notes
Welcome to the official patch of First Stand, the first major international tournament of the year!
Game Updates
2026-02-18T19:00:00.000Z 
League of Legends Patch 26.4 Notes
Happy Lunar Revel, welcome to patch 26.4!
Game Updates
2026-02-03T19:00:00.000Z 
Patch 26.3 Notes
Celebrate the new year and revel in Patch 26.3 🎊
Game Updates
2026-01-21T19:00:00.000Z 
Patch 26.2 Notes
Patch 26.2 ready to deploy!
Game Updates
2026-01-07T19:00:00.000Z 
Patch 26.1 Notes
Demacia rises in Patch 26.1 🛡️"
26.09,26.09,16.09,League of Legends Patch 26.9 Notes,2026-04-28T18:00:00.000Z,https://www.leagueoflegends.com/en-us/news/game-updates/league-of-legends-patch-26-9-notes,It’s time to hunt demons with Patch 26.9!,"League of Legends Patch 26.9 Notes 
League of Legends Patch 26.9 Notes
It’s time to hunt demons with Patch 26.9!
Game Updates Riot Riru, Riot Cashmiir, sternest 
2026-04-28T18:00:00.000Z 
It's time to hunt demons with Patch 26.9! In this patch we've got updates to champions, items, systems, and runes galore. Including bringing back some old favorites like Deathfire Touch and Stormraider's Surge, and giving you a lot of new options to experiment with like new starting items and a variety of alternate champion builds. For role quests, we've got some balance changes, tweaks to make progressing them more straightforward, and a small mid lane quest reward rework to better fit a scaling fantasy. Finally, we've given Shyvana some love to give more differentiation to AD and AP builds and paths to be a durable Dragon. Over in the Arena, we have a new update with events, new Augments, a new map, and more! We also have some adjustments and bugfixes for ARAM: Mayhem, WASD is coming to Ranked, and we have some demon-themed skins to kick off Season 2: Pandemonium! Looking for more information on all things League of Legends? Check out our community-run wiki here ! Wrong patch notes? You can find the TFT patch notes here ! 
Lilu ""Riot Riru"" Cabreros 
Erika “Riot Cashmiir” Haas 
Steven “Riot sternest” Earnest 
Mid-Patch Updates
April 30, 2026 Updates
Deathfire Touch
Adaptive damage per second: 4 - 12 (scales on level) + 8% bonus AD + 3% AP, increased by 100% after 3s ⇒ 4 - 12 (scales on level) + 7% bonus AD + 2.5% AP, increased by 75% after 3s
Patch Highlights
Pandemonium Annie, Pandemonium Kindred, Demoncursed Vayne, and Prestige Pandemonium Shaco will be available April 29, 2026.
Role Quests
Quest Progression
To kick things off for Season 2, we have a set of changes to Role Quests that are aimed at making them generally more understandable and less punishing. With this update, we're lessening penalties when you just need to get out of your lane towards the end of laning phase.
Quest Point Penalty applied to CS / Turrets / Plates : -50% ⇒ -75% , decreasing down to -0% based on Quest Progress 
We've also adjusted the bounds in which you earn Role Quest progress. Previously, it was heavily tied to being around your lane's outer most turret, but now it'll be more broad to allow for responding to proxying and roaming. Gone are the days of having to stick to your wave so you don't fall behind, rejoice assassin mains!
Passive Point Progression : 0.333 per second, increased to 1.6 per second while they are ""in the quest lane"" ⇒ 0.333/s, increased to 1.5/s while you are ""in the quest lane"" 
""In the quest lane"" : Defined as near or past the lane's outermost turret ⇒ Defined as anywhere in the lane, outside of your base 
Recall Penalty to Passive Point Earn : Functionally exists because passive point gain was reduced until at outermost turret, creating a minor bias towards mid lane (shorter) ⇒ Disables passive point earn entirely for 12s after recalling 
Passive point progression now also allows for a moderate degree of roaming. After level 3, you'll now start banking roaming time while ""in the quest lane,""getting up to 60 seconds after spending 120 seconds in lane. For every second banked, you'll earn the increased Passive Point Progression as though you're still ""in the quest lane"" even if you're not.
Functionally, every 2 minutes you spend in lane, you can spend 1 minute roaming without penalizing your quest progress
Quest Rewards
Finally, we have some adjustments to quest rewards. For top, we're doing a minor nerf to overall experience gain and adjusting the experience bonus to distinguish between champion and non-champion sources. Effectively, this will help out top laners who prefer scrappy teamfights over split pushing. We're also ensuring that we avoid top lane experience creep situations where top laners who end up repeatedly killing each other scale their own level and experience rewards.
XP Increase : +12.5% from all sources ⇒ +80 flat XP on champion takedown; +11% from all other sources 
For mid, we're replacing the empowered recall effect with a percent-based increase to bonus AD and AP. We've felt that mid has lost some of its carry and scaling fantasy compared to top and bot's rewards, which get more levels and XP or more gold and items. We're hoping this change provides an edge over other lanes to spike harder on item purchases.
Role Quest Reward : Empowered Recall (300s CD, reduced by 60s on Takedown) ⇒ +6% Bonus AD and 6% Bonus AP 
We feel like bot is a little too strong and snowballs a little too hard given their late game fantasy. So we're giving a minor nerf to their bonus takedown gold.
Bonus Takedown Gold : 50g ⇒ 40g 
Game Systems
Minion Waves
We're moderately increasing minion wave durability, mostly around mid and late laning phase, to help increase minion action. This should also have a minor impact on opening up roaming windows as well as slightly increase wave stacking effects, allowing teams to spend a bit more time outside of the lane while a wave builds up.
Melee Minion Health : 440 (+25 every 90s; then +35 after this has happened 5 times)⇒ 430 (+35 every 90s) 
Minion Slayer (Minion Damage Bonus to other Minions) : +[2 Melee | 4 Ranged | 6 Siege]% Current HP On Hit ⇒ +[2 Melee | 3.5 Ranged | 5 Siege]% Current HP On Hit 
Champions
Ambessa 
Ambessa has carried the Medarda legacy a bit too well. Her brutality and fantasy has resonated with her mains, but we believe her ult has felt slightly fast to the point that players hit by it often don't have clarity on what happened. We're extending her cast time to open up clearer counterplay, and will be keeping a watchful eye on opportunities for follow-up work.
R - Public Execution
Cast Time : 0.55 ⇒ 0.70 
Briar 
Briar has one of the steepest mastery curves in League. However, as time has gone on, more and more players have ended up at the high end of that curve and have been finding a lot of success. So we're looking to nerf a bit of her survivability, but keep her ability to kill a target.
Base Stats
Health Growth : 100 ⇒ 95 
Ezreal 
We want to bring back some playstyles that have been lost to the sands of time. First up on that list is AP Ezreal. Bring out your global snipes—there's a lot of good mages out there but none of them are this skillful!
Q - Mystic Shot
AP Ratio : 15% AP ⇒ 40% AP 
W - Essence Flux
AP Ratio : 70 - 90% ⇒ 90% 
R - Trueshot Barrage
AP Ratio : 90% ⇒ 110% 
Damage To Minions / Non-Epic Monsters : 175 / 275 / 375 (+50% bonus AD) (+45% AP) ⇒ 150 / 225 / 300 (+100% bonus AD) (+110% AP) 
Gragas 
Gragas top is most impacted by the removal of Phase Rush, and only time will tell whether Grasp or Comet comes out on top. As we wait to see how his laning shakes out, this change should let Gragas players better frontline for their teams, and have a bigger impact in the late-game where they struggle most.
W - Drunken Rage
Damage Reduction : 10 / 12 / 14 / 16 / 18% (+ 4% per 100 AP) ⇒ 10 / 14 / 18 / 22 / 26 (+ 4% per 100 AP) 
Kennen 
Our second lost playstyle is AD Kennen. In this case, we're adding critical strike synergy to Kennen's W and E. While a more attack speed focused on-hit hybrid build may stand out as a more intuitive choice for an auto-attack focused Kennen, we actually think it would spill over too hard into his standard AP builds and want to avoid adjustments to his typical playstyle just to enable this one.
W - Electrical Surge
[NEW] Passive : When ready, now applies the passive effect to the entire attack as an On-Hit, rather than just the first On-Hit trigger
[NEW] Passive Damage : Can now Critically Strike for 140% (+40% of Bonus Critical Strike Damage)
E - Lightning Rush
[NEW] Attack Speed Buff : Critical Strikes now extend the duration of Lightning Rush's Attack Speed buff by 1 second, up to the initial duration of 4s. This can happen any number of times.
Shyvana 
With Shyvana having been out for a few patches, we've taken stock of where she's landed and identified two areas to address: broadening bruiser item viability and sharpening the distinction between AD and AP builds. On the bruiser side, we've reduced the emphasis on pure dps items like Kraken Slayer. Adjustments to her base stats, Q and W create more room for Sheen, ability haste, and health to meaningfully contribute to her kit. For build differentiation, AD Shyvana looks to engage in more sustained combat through auto attacks followed by big Q hits, using her W for sustain and sticking power and E for supplementary chase power. AP Shyvana, by contrast, centers damage around R and E, with W existing as a way to weave in and out of combat.
Base Stats
Attack Speed : 0.625 ⇒ 0.638 
Attack Speed Ratio : 0.69 ⇒ 0.638 
Attack Damage Growth : 3 ⇒ 4 
Q - Emberstrike
Passive : 1% (+ 1.1% per 100 bonus AD) (+ 1.1% per 100 AP) of target's maximum health ⇒ 1% (+ 1.1% per 100 bonus AD) 
Hit Reduction : 1 second ⇒ 0.5 seconds 
Area Physical Damage : 10 / 15 / 20 / 25 / 30 (+ 110% AD) (+ 25% AP) ⇒ 10 / 15 / 20 / 25 / 30 (+ 110% AD) (+ 30% AP) 
Cooldown ticks in the background if you do not finish the sequence. Cooldown starts ticking at the last activated input in that sequence.
W - Inferno Aegis
Cooldown : 14 / 13.5 / 13 / 12.5 / 12 ⇒ 13 / 12 / 11 / 10 / 9 
Shield : 60 / 80 / 100 / 120 / 140 (+ 5% max health) ⇒ 75 / 95 / 115 / 135 / 155 (+12% bonus health) 
Damage : 80 / 100 / 120 / 140 / 160 (+ 40% bonus AD) (+ 20% AP) ⇒ 80 / 100 / 120 / 140 / 160 (+ 65% AP) 
Dragon Form Heal : 75 – 214.71 (based on level) (+ 10% bonus AD) (+ 5% AP), increased by 0% – 100% (based on her missing health) for a maximum heal of 150 – 429.41 (based on level) (+ 20% bonus AD) (+ 10% AP) ⇒ 60 - 100 + 4-8% missing health (based on level) 
W move speed separate from shield
E - Molten Burst
Cooldown : 12 / 11.5 / 11 / 10.5 / 10 ⇒ 12 / 11 / 10 / 9 / 8 
Magic Damage : 80 / 110 / 140 / 170 / 200 (+ 35% bonus AD) (+ 70% AP) ⇒ 50 / 65 / 80 / 95 / 110 (+ 60 / 65 / 70 / 75 / 80% AP) + 5% Target Max Health 
Subsequent Explosion Damage Against Same Target : 50% ⇒ 40% 
Slow : 20 / 25 / 30 / 35 / 40% ⇒ 30% 
Tahm Kench 
Last patch's adjustment last patch ended up a very slight nerf (less than .5%) for both top and support. So we're making some support-focused improvements to compensate.
E - Thick Skin
Grey Health to HP conversion : 45 - 100% (Level 1 - 18) ⇒ 60 - 100% (Level 1 - 18) 
R - Devour
Move Speed On Ally Devour : 40% for 3 seconds ⇒ 60% for 3 seconds 
Taliyah 
Taliyah is in the same spot as Gragas (RIP Phase Rush), except she was also taken down a notch from the pro mid meta in her last nerf. We don't expect her to be able to utilize the changes as well as a lot of her competition, so we're walking back our last hit to her, while also making sure she doesn't approach sub-2:30 clears.
Q - Threaded Volley
Base Damage : 50 / 67.5 / 85 / 102.5 / 120 ⇒ 55 / 72.5 / 90 / 107.5 / 125 
Bonus Monster Damage : 23 / 28 / 33 / 38 / 43 ⇒ 20 / 25 / 30 / 35 / 40 
Teemo 
Our third lost playstyle—On-hit-focused Teemo builds have slowly fallen out of vogue as he's been tuned around Malignance and Liandries. We are adding bonus AD ratios to Teemo's E to open up itemization options for auto-attack builds featuring hybrid items like rageblade and the reworked Statikk Shiv.
E - Toxic Shot
[NEW] Initial Damage Bonus AD Ratio : 10% Bonus AD
[NEW] DoT Damage Bonus AD Ratio : 30% Bonus AD over 4 seconds
Udyr 
Currently, we feel that Udyr's AD Q builds are extremely one note—which makes sense when you look at their scaling. We want to broaden his AD Q bruiser builds by shifting some of his AD ratios out of his Q and into W and E so the stance swapper has more than one stance.
Q - Wildling Claw
Bonus Damage on First 2 Attacks : 3 / 4 / 5 / 6 / 7 / 8% (+4% per 100 bonus AD) of the target's Max Health ⇒ 3 / 4 / 5 / 6 / 7 / 8% (+3.5% per 100 bonus AD) of the target's Max Health 
Bonus Damage On-Hit for 4 seconds : 5 / 13 / 21 / 29 / 37 / 45 (+25% bonus AD) ⇒ 6 / 12 / 18 / 24 / 30 / 36 (+20% bonus AD) (+1 - 2% bonus HP) 
Awakened Bonus Damage on First 2 Attacks : An additional 2 - 4% (based on level) (+3% per 100 bonus AD) of the target's Max Health ⇒ An additional 2 - 4% (based on level) (+1.5% per 100 bonus AD) (+1% per 1000 bonus HP of the target's Max Health) 
Awakened Chain Lightning Damage Per Bounce : 1.5 - 3% (based on level) (+.8% per 100 AP) ⇒ 1.5 - 3% (based on level) (+.6% per 100 AP) 
W - Iron Mantle
[NEW] Shield AD Ratio : 50% bonus AD
[NEW] Awakened Shield AD Ratio : 100% bonus AD
[NEW] Awakened Heal AD Ratio : 50% bonus AD
E - Blazing Stampede
[NEW] Move Speed AD Ratio : 5% move speed per 100 bonus AD
[NEW] Awakened Move Speed AD Ratio : 10% move speed per 100 bonus AD
Warwick 
Our favorite wolf-boy Warwick has been struggling to find his place over game time. We are looking to soften the blow of his transition into the late game by bringing up some of his scaling.
P - Eternal Hunger
On-hit Damage : 6 / 16 / 26 / 36 / 46 ⇒ 6 / 18.25 / 30.5 / 42.75 / 55 
Xin Zhao 
Our fourth lost playstyle is centered around Xin Zhao—particularly attack speed and AP Xin Zhao. Over the years Xin has moved off of auto attack builds solidly into bruiser AD-caster builds buying items like Sundered Sky or Black Cleaver. We think more attack speed-centric Xin Zhao builds offered an enjoyable melee fighter experience, and we want to bring it back. Whether it's full AP builds revolving around drain tanking, heavy attack speed on-hit carry builds, or just some minor pivots into Stridebreaker, Titanic Hydra, and Triforce, we want to see a bit more build options.
P - Determination
Healing : 3 / 4 / 5% Max HP (+65% AP) (levels 1 / 6 / 11) ⇒ 3 / 4 / 5% Max HP (+50 / 65 / 90% AP) (levels 1 / 6 / 11) 
W - Wind Becomes Lightning
Slow On Thrust : 50% for 1.5 seconds ⇒ 50% for 1.5 (+.5 per 100 AP) seconds 
E - Audacious Charge
Magic Damage : 50 / 75 / 100 / 125 / 150 (+60% AP) ⇒ 50 / 75 / 100 / 125 / 150 (+120% AP) 
Attack Speed Buff : 40 / 50 / 60 / 70 / 80% for 5 seconds ⇒ 38 / 46 / 54 / 62 / 70% (+1% per 5% permanent AS) (+10% per 100 AP) for 5 seconds 
Zeri 
Zeri's changes have pushed her over time to become more of a bursty assassin than the fantasy that initially called to many of her players. By moving power from her burst and late-game DPS towards her mobility and early laning, these changes should allow Zeri to shine once again as the zappy, speedy legend she is (while still doing ADC damage!)
P - Living Battery
Right Click Range : 500 ⇒ 550 
Execute threshold : 60 / 82.5 / 105 / 127.5 / 150 (+ 18% AP) ⇒ 70 / 92.5 / 115 / 137.5 / 160 (+ 20% AP) 
Q - Burst Fire
Damage : 15 / 17 / 19 / 21 / 23 (+ 104 / 108 / 112 / 116 / 120% AD) ⇒ 21 / 24 / 27 / 30 / 33 (+ 102 / 104 / 106 / 108 / 110% AD) 
Excess AS to AD conversion : 70% ⇒ 50% 
Now forced quick cast
W - Ultrashock Laser
Wall Crit Multiplier : 175% ⇒ 150% 
AP Ratio : 25% ⇒ 50% 
E - Spark Surge
Bonus Magic Damage : 17 / 19 / 21 / 23 / 25 (+ 10% bonus AD) (+ 20% AP) ⇒ 22 / 24 / 26 / 28 / 30 (+ 20% AP) 
Cooldown : 22 / 21 / 20 / 19 / 18 ⇒ 24 / 22.5 / 21 / 19.5 / 18 
Cooldown Refresh : Applies on attacks and abilities vs champions ⇒ Applies on attacks vs everything 
R - Lightning Crash
Burst AD ratio : 100% ⇒ 60% 
MS per stack : 1% ⇒ 1.5% 
Stack duration : 1.5 ⇒ 2.5 
Zoe 
Looking to move some of Zoe's power out laning phase stat checking, and into more skillful outplay around her Bubble.
W - Spell Thief
Damage Per Bolt : 20 / 30 / 40 / 50 / 60 (+ 15% AP) ⇒ 15 / 25 / 35 / 45 / 55 (+ 10% AP) 
Total Damage : 60 / 90 / 120 / 150 / 180 (+ 45% AP) ⇒ 45 / 75 / 105 / 135 / 165 (+ 30% AP) 
E - Sleepy Trouble Bubble
Cooldown : 16 / 15 / 14 / 13 / 12 ⇒ 18 / 17 / 16 / 15 / 14 
Refunds 16 / 19.5 / 23 / 26.5 / 30% of cooldown when hitting an enemy champion
Items
Axiom Arc 
Last year, we adjusted Axiom Arc to have a higher base refund on its ultimate effect with less scaling. We think this was a mistake, as offering an item early in the game that reduces ultimate cooldowns to this degree on high burst lethality champions can lead to very narrow windows of opportunity for opponents to act.
Flux : On takedown, refund 15% (+.15% per lethality) of your ultimate's total cooldown ⇒ 10% (+.25% per lethality) 
[NEW] Doran's Bow 
We're looking to give more starting item options to auto attack-focused champions. Doran's Bow offers a high risk, high reward fantasy that will reward those who are able to sneak in extra autos and come out on top even without the additional health.
Attack Damage : 6
Attack Speed : 12%
Omnivamp : 1.5%
[NEW] Doran's Helm 
We wanted to give more starting item options to champions who want to stack resistances. When it comes to the fantasy of being unkillable, current items assume a losing position. Though champions who want resistances tend to start on the back foot, we want to reward players who take advantage of the opportunity to come out even or ahead in laning phase with an item that pays off in valuable stats throughout the rest of the game.
Health : 100
Armor : 10
Magic Resist : 10
Helping Hand : 5 on-hit vs minions
Dusk And Dawn 
One of the standout items for the season so far, we continue to feel it overlaps with Lichbane a bit too much. We want to encourage Dusk and Dawn users to stick around for multiple triggers, and empower them to do just that.
[NEW] Spellblade : Now also heals the user for (10% AP) (+3% Bonus HP)
Health : 350 ⇒ 300 
Ability Power : 70 ⇒ 60 
Attack Speed : 25% ⇒ 20% 
Endless Hunger 
Melee AD Fighters face major trade offs when considering this item against building other more durability focused items. We do want them to consider Endless Hunger however, for those pop off games when they get to play greedy, so we're giving it a minor buff for melee champs.
Unique Passive - Famine : Grants 5 (+10% Bonus AD) Ability Haste ⇒ Grants 5 (+[13% Melee | 10% Ranged] Bonus AD) Ability Haste 
[NEW] Gluttonous Greaves 
In addition to new starting items, we're adding new boots to the game that provide omnivamp. We've felt that many fighters and casters are limited in their boot selection, with only Ionian Boots as a real offensive option, and when they do pick something else, it's purely defensive, which isn't exactly exciting. These boots should fit a nice middle ground of aggressive and defensive, offering sustain through combat.
Build Path : Boots (300g) + 650g
Move Speed : 45
Omnivamp : 4%
Unique Passive - Slay : On champion takedown, gain 1% Omnivamp permanently, stacking up to 6 times
Tier 3 Immortal Path - Bonus Unique Passive - Now and Forever : While above half health, deal 5% increased damage. While below half health, receive +15% healing, shielding, and regeneration.
Hubris 
Hubris cost buffs put it in line with a lot of other 1st slot lethality items, but in its current state feels like it's crowding out other options by providing both scaling and immediate power. These changes should differentiate Hubris more from immediate powerspikes like Youmuu's, while making it even stronger than before if you get rolling.
Base AD : 60 ⇒ 55 
Passive AD per Stack : +2 ⇒ +3 
Bonus AD : +15 ⇒ +12 
[REMOVED] Opportunity 
We feel that Opportunity has always overlapped a bit too much with Youmuu's, even after we tried to push them apart a year and half ago, and in its current iteration sits in between Youmuus for mobility and Voltaic for upfront trade power.
Staff of Flowing Water 
In the past, Staff's unique effect granted ability haste, and then we changed that to move speed, and then we removed the move speed. We are re-adding the ability haste, as we believe only granting ability power has made the item too narrow and granting move speed made it too generic.
Unique Passive - Rapids : Healing or Shielding other ally champions grants both you and them +45 Ability Power for 6s ⇒ Healing or Shielding other ally champions grants both you and them +40 Ability Power and +15 Ability Haste for 6s 
Ability Haste : 15 ⇒ 10 
[REWORKED] Statikk Shiv 
We've been unhappy with Shiv sitting as a pure waveclear first item purchase for a while now. With so much power in deleting the wave, it removes a lot of the space for back and forth lane trading. So instead, we're taking this opportunity to move it into a scaling purchase for on-hit builds, a build path that has been missing some itemization since we opened up the 7th item slot for bot laners. This new version of Shiv allows on-hit builds to apply their effects to multiple enemies at once, creating cool combos and helping them scale into teamfighting.
Build Path : Scout's Slingshot (600g) + Pickaxe (875g) + Aether Wisp (800g) + 625g
Attack Damage : 40
Ability Power : 45
Attack Speed : 30%
Move Speed : 4%
Unique Passive - Electrospark : Your Energized trigger fires a chain of lightning, dealing 60 (increased to 90 for minions and monsters) bonus magic damage to up to (4 - 8, scaling with level) targets. Applies on-hit effects to secondary bounce targets.
Unique Passive - Electroshock : Basic attacks grant an additional +9 Energize stacks
[REMOVED] Trailblazer 
Similar to the reason we removed Opportunity, Trailblazer is sitting between two other tanky mobility options (Bandlepipes and Deadman's Plate). In this case, we feel not only is its output overlapping with similar effects in the space, it also had the highest complexity unique effect—asking allies to pay attention to a wispy trail which simply seemed over in terms of visual noise.
[REWORKED] Voltaic Cyclosword 
Voltaic Cyclosword brings some cool Energized options to AD casters, but we think we can make it even broader by allowing it to open up the strict auto-attack gate that stops many melees from being good with it. We also don't love the slow effect, as it tended to trivialize a lot of the combat once players did manage to get into melee. With Opportunity removed, Voltaic should also be able to stand as the premier ""upfront burst"" item for AD casters.
Unique Passive - Galvanize : Damaging enemy champions with abilities will trigger Energized if it is ready
Unique Passive - Firmament : Your Energized trigger grants you [15 Melee | 12 Ranged] Lethality for 4s and deals bonus physical damage equal to [9% Melee | 7% Ranged] of the target's current health. This bonus damage is capped to 200 against non-champions.
Cost : 3000g ⇒ 2900g 
Lethality : 18 ⇒ 10 
Runes
[NEW] Deathfire Touch 
Damage over time and sustained damage casters don't have a keystone made specifically for them. This gap has previously been partially covered by other keystones like Comet and Aery, but we're re-adding Deathfire Touch from the old keystone mastery system to ensure that these champions are fully supported by the runes system, and making adjustments to other keystones to compensate.
Sorcery Tree Keystone : Damaging a champion with an ability burns them for (4s singletarget / 2s AoE / 1s DoT). The burn deals 4-12 (level scaling) + 8% bonus AD + 3% AP adaptive damage per second. After the burn has been on a target for 3s, the damage of the burn increases by 100%.
[REMOVED] Phase Rush 
Phase Rush has historically been a problematic rune for enabling some champions to subvert intended early lane gameplay. But we know that we need a mobility-based rune, so fear not...
[NEW] Stormraider's Surge 
Since Stormraider's Surge asks the user to commit to dealing a lot of damage and generally ends up having its input scale well over game time, it is able to support much of the same pattern as Phase Rush in a healthier and more exciting way for the intended users.
[NEW] Sorcery Tree Keystone : Dealing 25% of a champion's maximum health within 3s grants a movespeed and slow resistance for 3s. 20-10s cooldown, scales based on level.
[NEW] Speed : 40%; 75% for ranged champs
[NEW] Slow Resist : 50%
Arcane Comet 
Previously, Comet was given a cooldown refund mechanic for damage over time and sustained damage casters. Now that Deathfire Touch exists, Comet no longer needs it, and can now better serve its original intended audience of control mages and artillery mages with a damage-per-distance mechanic that should be exciting for those subclasses to play with.
[REMOVED] Cooldown Refund : Removed
[NEW] Damage : Now deals up to 100% increased damage based on distance from the target, max damage bonus at 750 range away
Damage : 30 - 130 (based on level) + 10% bonus AD + 5% AP ⇒ 15 - 100 (based on level) + 10% bonus AD + 5% AP 
Hail Of Blades 
Hail of Blades has become an extremely niche keystone that gives an eye popping amount of attack speed and basically nothing else. In other words, these blades are too sharp! We're shifting some of the attack speed power budget into a new bonus damage effect so we can tune it more comfortably for a broader variety of champions.
Attack Speed : [160% Melee || 80% Ranged] for 3 attacks, increased by +1 attack if you cast an ability that resets your auto attack ⇒ [120% Melee || 60% Ranged] for 3 attacks, increased by +1 attack if you cast an ability that resets your auto attack up to +2 attacks 
New : Attacks empowered by Hail of Blades deal 4 - 20 (+8% bonus AD) (+6% AP) bonus true damage
Bugfixes : Fixed various Attack Reset abilities not properly granting bonus attacks (Bel'Veth Q, Kai'Sa R, K'Sante Q3, Gwen E, Quinn E, Rell Remount W, Riven Q)
SR Ranked Season 2
SR Ranked Season 2 will start at 12:00:00 noon, April 29, local server time. For Apex (Master, Grandmaster, Challenger) players in NA, EUW, EUN, LAN, BR, TR, their rank status will be reset to Master, 0 LP. For all other players, nothing will change. If you want to read more about why we're resetting Apex in some regions, check out the dev blog to learn more . For all regions and all players, Victorious Ranked Mission (15 ranked game won) will be reset with Season 2 start. End of Season 1 Ranked rewards will be distributed shortly after 26.09 is live, shard transfer service will be temporarily disabled until rewards are fully granted.
Arena
Welcome to *drum roll* *drum roll* *drum roll* THE ARENA!!!! Arena is receiving the major update we promised last year and we're excited to share it with all of you. Our goal with this release was to really deliver on the build crafting, adaptation, experimentation, and team focused, tactical combat that is the heart of Arena. We've amplified all of these aspects and are excited to see how you LEVEL UP your Arena game and leave the crowd speechless. We've listened to the community feedback about different ways to play, from the exciting Bravery Queue and the brand new 3x6 Arena, and the desire to push your augments to their limits! We can't wait to welcome you, and one or two friends, back into *drum roll* THE ARENA!!!! For more details on these changes check out our full dev blog here .
Events
Release (Patch 26.9): To start things off we won't be having an event to give players a chance to learn all of the new guests of honor, augments, and systems we're adding in Season 2.
3x6 (Patch 26.10): Exactly what it sounds like, three players on each team with a total of six teams. In a game with 170+ champions built with Summoner's Rift in mind, there are quite a few that have fallen by the wayside when forced into 2v2 gladiatorial combat. Our goal with introducing 3x6 is to bring even more champion diversity into the Arena by allowing for a wider variety of team comps.
Bravery (Patch 26.13): When you load in to champ select you'll notice a significantly smaller number of options. You'll have the good ‘ol random champion button which we hope you'll pick, but if true random isn't your cup of tea we've still got a few crowd favorites for you to pick from. Bravery is primarily to give many players a version of Arena they've been asking for, but we also wanted to find a way to support players that want to overcome any obstacles the Arena throws at them with their adaptability and ability to flex into many different champions.
Swift Arena (Patch 26.14): With this event we'll be going back to our roots of two teams of four for those looking to get the full Arena experience without the full Arena time commitment. Additionally, for those of you able to remember your opponents playstyles and weaknesses this should give you the edge as you'll be fighting the same teams more consistently.
Augment Systems
Augment Levels 
Augments now have anywhere from 1-3 levels, depending on the augment. Some Augments have a Keystone effect when they reach their max level, granting an additional effect. For example, Quantum Computing will give your augments a chance to multicast up to 4 times!
Once you have two levelable augments you'll be offered an augment level in place of one of your offered augments.
Upon reaching the maximum number of augments (typically 4) you'll only be offered augment levels or the ability to tier up an existing augment, allowing you to remove an augment and select another that is one tier higher.
If all your augments are at the maximum level then you'll be offered the ability to tier up an existing augment or gain a stat anvil.
At certain points you'll be given the ability to remove or replace one of your augments. Use this to discard augments that aren't working for you, and gain a bonus, while also freeing up that slot for you to gain a replacement augment later in the game.
Arena Debuting Augments with Levels
Get Excited
Adamant
Upgrade Collector
Upgrade Hubris
Wind Beneath Blade
Protein Shake
Weil of Warding
Ominous Pact
Critical Rhythm
Escape Plan
Glass Cannon
Final Form
Quest: Void Immolation
Pinball Snowball
Infinite Recursion
Donation
Shrink Engine
Growth Spurt
Stuck In Here With Me
Poro King
Speed Demon
Twin Fire
Hextech Soul
Crack Open That Egg
???
Critical Missile
Weighted Popoffs
Little Devil
Zealot
Purist Caster
Double Tap
Juiced
New Augments
We could tell you what they do, but that'd take away the fun of discovering them.
Chroma Flux (Prismatic)
Demonic Clasp (Gold)
Grievous Venom (Silver)
Magical Girl (Prismatic)
Mercy (Gold)
Rice and Chicken (Gold)
Rice and Fish (Gold)
Rice and Pork (Gold)
Scavenger (Gold)
Silver Spoon (Silver)
Spellcraft (Prismatic)
Transmute: Silver (Prismatic)
Trash To Treasure (Silver)
Unstable Transmutation (Gold)
Wild Fire (Prismatic)
Reworked and Adjusted Augments
Doomsayer: Health per stack doubled, stack rate reduced by half.
Tank it or Leave it: Now scales with crit damage.
Critical Healing: Now scales with crit damage.
Calculated Risk: Now gives a Prismatic if this is your first or second augment, otherwise it will give a Gold augment.
Self Destruct: Changed to Auto cast every 25 seconds instead of just exploding once.
Unshackled: On takedown reduce Hijack's lockout and cooldown by 20%.
Snowball Fight: Removed
Juice Press: Removed
Slow and Steady: Now locks your Attack Speed at 0.65 and only grants AS if you would go above the cap.
Spellwake: Explosion delay now scales inversely with distance, so long range hits will have a much lower delay, while point blank hits are increased slightly.
Game Pacing
Augment Selection Duration: 37 seconds ⇒ 42 seconds 
Item Choice Round Duration: 42 seconds ⇒ 47 seconds 
Buy Round Structure 
Round 
Offering 
Round 1 
Augment, 500 gold 
Round 2 
Guest of Honor 1 Vote, Prismatic Item 
Round 3 
Augment 
Round 4 
2500 Gold 
Round 5 
Augment 
Round 6 
2500 Gold 
Round 7 
Augment 
Round 8 
Guest of Honor 2 Vote, Crafting Round 
Round 9 
2500 Gold 
Round 10 
Augment 
Round 11 
2500 Gold 
Round 12 
Augment 
Round 13 
2500 Gold 
Round 14 
Augment 
Round 15 
2500 Gold 
Round 16+ 
Augment 
Crafting Round 
A Crafting Round will occur on Round 8 and you'll be able to choose one of the following options:
Gain an 5th augment slot, in 5 rounds gain a silver augment.
Remove 1 of your augments to give 2 levels to your remaining augments, randomly selected. These levels can both go to the same augment or to different ones.
Gain a Prismatic Stat Anvil.
New Fame Track
Fame Track Level 
Fame Track Level 
Reward 
Level 1 
Wild Fire (Prismatic) 
Level 2 
Transmute: Silver (Prismatic) 
Level 3 
Replace Augment, Match up Intro Card 
Level 4 
Demonic Clasp (Gold) 
Level 5 
Rice and Chicken (Gold), Rice and Fish (Gold), 
Rice and Pork (Gold) 
Level 6 
Mercy (Gold) 
Level 7 
Magical Girl (Prismatic) 
Level 8 
Match up Intro Card 
Level 9 
Silver Spoon (Silver) 
Level 10 
Scavenger (Gold) 
Level 11 
Spellcraft (Prismatic), Chroma Flux (Prismatic) 
Level 12 
Target Dummy, Match up Intro Card 
The amount of Fame needed to unlock each tier has been decreased.
Guests of Honor
New Guests of Honor 
Atakhan: Absolute Carnage
Annie: Wall of Fire
Evelynn: Just a Fling
Fiddlesticks: A Harmless Scarecrow
Garen: Perseverance
Hwei: Blank Canvas
Kayle: Divine Ascent
Kindred: Death and Rebirth
Jarvan IV: Heavy is the Crown
Lux: Light of Demacia
Morgana: Tormented Shadow
Nocturne: Darkness
Poppy: Rightful Wielder
Shaco: Absolute Chaos
Tahm Kench: Dark Bargain
Taric: Dauntless Vanguard
Reworked Guests of Honor 
Swain: Demonic Ascension: Now, when half the lobby is eliminated the remaining teams gain a prismatic stat anvil.
Katarina: Dance of Voracity: Augment tier ups are offered alongside new augments.
Voting Round Changes
Guest Of Honor descriptions now allow you to press Shift to see the long description when hovering the Guest of Honor's icon.
No longer waits for all players to vote, and instead waits for all players that have moved to vote, so if you wish to abstain just stand still.
You can no longer move early by clicking on the Guest of Honor's icon before players are allowed to move.
Players can now move their camera while players are voting.
Moved the camera slightly closer.
When the winner is selected all other players will turn to look at them.
There is a chance for blastcones to spawn around the vote arena.
There is a chance for hats to spawn around the vote arena, picking them up will grant you the hat.
Anvils
Stat Anvils 
Silver Stat Anvils: Now have a set value rather than rolling from a range of values.
Care Package (Prismatic Stat Anvil): Gain 500 gold per round lost.
Legendary Item Anvils 
Cost: 2000 gold ⇒ 2250 gold 
Items
Shardblade (New) 
Granted when you obtain Shardholder
Enhances stat anvils by 20-80% (decreased to 20-50% in 3x6)
You can no longer purchase items
Does not work with Augments that grant items
Hexblot Companion 
75% Attack Speed
500 Health
4% Movement Speed
Covering Fire: Every 10 seconds, Autocast fires a bolt towards a nearby target that applies On-Hit Effects.
Energized: Moving and Attacking generates an Energized Attack.
Unload: Your Energized Attacks trigger your Autocast effects.
Reverberation 
No longer needs to stack to apply On-Hit effects when you immobilize a target.
Twin Mask 
Removed
Flesheater 
Cannibalize: When you takedown an enemy champion, steal 10% of their stats and size for the remainder of the round.
Kinkou Jutte 
Between the Ribs: Now creates 4 Weakpoints around enemies, refreshing when the last one is broken.
Turbo Chemtank 
Supercharged: Active has been removed. New passive ignores the first Immobilizing effect that hits you (30s Cooldown) and drops a canister nearby. Pick up the canister to restore max Health and reduce the Cooldown by 15 seconds.
Starter Items 
Removed
Maps
Petricite Grove (New) 
A new map from the outskirts of Demacia. Scattered throughout are some unexploded mining bombs used to help harvest the tough Petricite.
Hitting these mining bombs causes them to roll before exploding, damaging enemies and plants.
Ancestral Woods (Adjusted) 
Now has 2 Power Flowers on the bottom left and top right of the map.
The center now has the Bulwark Blossom, a durable bit of flora that grants its last hitter a massive shield, healing, and adaptive force before regrowing over 10 seconds, this bonus is increased if you are outnumbered.
Koipond (Adjusted) 
Koipond's lily pad trigger radius is reduced slightly (terrain creation unchanged).
General Changes
Energized Stacking: 200% ⇒ 150% 
Combobreaker has been updated to match ARAM: Mayhem. You will now gain ramping Tenacity while you're immobilized and if you have been unable to act for 4 of the last 7 seconds become unstoppable for 7 seconds.
Attack Speed is now capped at 4, but certain augments allow you to break past this cap.
The reroll system has been updated to match ARAM: Mayhem. Rerolls are no longer a currency and each slot now has its own reroll that refreshes each time you open an anvil/augment.
The extra reroll granted by selecting Bravery has been updated. Now every anvil/augment offering card will have the chance to have up to 1 bonus reroll.
Misc Changes
Hats 
Hats are no longer lost on death and are instead lost on round loss.
ARAM
Items
Hubris 
Attack Damage: 60 ⇒ 55
Ability Haste: 15 ⇒ 10
ARAM: Mayhem
We have a few small adjustments for Mayhem focused on time-based abilities for Bard and Ornn, Health Relic improvements, and a few balance tweaks for some Augments.
Champions
Bard 
Caretaker's Shrine W Move Speed : 20 / 22.5 / 25 / 27.5 / 30% (+ 6% per 100 AP) ⇒ 25 / 27.5 / 30 / 32.5 / 35% (+ 7.5% per 100 AP) 
Caretaker's Shrine W Ammo Cooldown : 10 ⇒ 8 
Ornn 
Living Forge P Cooldown : 120 seconds ⇒ 90 - 10 seconds (based on level) 
Systems
Health Relic 
[UNCHANGED] 8% Missing Health / Mana on Pickup
AOE Effect - Missing Health and Mana : 16% ⇒ 22% 
Augments
Upgrade Sword of Blossoming Dawn 
[REMOVED] Basic attacks against champions now deal 50% damage
Prom Queen 
Cooldown : 25 seconds ⇒ 35 seconds 
Grandma's Chili Oil 
Base Damage per second :100 ⇒ 150 
Bonus Damage per burn source : 60 ⇒ 50 
Base Heal per second : 60 - 150 (based on level) ⇒ 30 - 75 (based on level) 
Bonus heal per burn source : 50 ⇒ 25 
Bugfixes
Fixed a bug where Lightning Strikes granted 20% bonus attack speed instead of 20% total attack speed in Mayhem.
Fixed a bug where Kaenic Rookern and Opportunity did not benefit from Item Haste.
Fixed a bug where Azir's mana costs appeared doubled with Overflow but were not actually increased in Mayhem ARAM.
Fixed a bug where Ekko stayed invisible after using Clown College followed by E in Mayhem ARAM.
Fixed a bug champions with recasts were charged for their recast spell with the Augment Overflow.
Fixed a bug where selecting Buff Buddies before Ocean Soul caused Red Brambleback to become ineffective in Mayhem ARAM.
Fixed a bug where Taliyah T-posed after dying to Empowered by the Faithful's execution in Mayhem ARAM.
Fixed a bug where some champions could not trigger the Marksmage effect with empowered attacks in Mayhem ARAM.
Fixed a bug where Vel'Koz's Q mana cost was not doubled after selecting Overflow in Hextech Mayhem ARAM.
Fixed a bug where Shaco's clone did not display a health bar or model at high Shrink Engine stacks in Mayhem ARAM.
Fixed a bug where Empowered by the Faithful effect was lost if revived by Zilean's R in Mayhem ARAM.
Fixed a bug where Droppybara's actual damage range exceeded its indicator range.
Fixed a bug where Xayah and Aphelios could continuously trigger ReEnergize without cooldown in Mayhem ARAM.
Fixed a bug where selecting Hextech Biggest Snowball Ever followed by Hextech Pinball caused Pinball to lose its true damage in Mayhem.
Fixed a bug where Neeko displayed Draw Your Sword VFX while disguised as a non-champion.
WASD
Shortly after patch 26.9 is available, WASD will be enabled for Ranked, including Clash.
Fixed a bug where some mouse macros (such as binding a keyboard key to the scroll wheel) were not properly supported when using WASD controls.
Bugfixes & QoL Changes
QoL Changes
Serahpine's Q has been re-scripted. The visual should now more accurately reflect the hitbox of the spell.
Bugfixes
Fixed a bug that caused Seraphine's Q not to deal damage to units walking towards the center of the area of effect.
Fixed a bug that caused Seraphine's R not to extend when killing champions with zombie passives (e.g. Karthus, Sion), or revives.
Fixed a bug that caused Seraphine's abilities not to double cast when she had the exact correct mana to cast them.
Fixed bugs that caused Malphite W, Twitch P, and Kog'Maw W to not work properly as typical on-hit effects.
Fixed a bug that caused Viego's slayer (if Viego has possessed someone) to have 4 Scoundrel stacks, and killing the slayer with 5 or more stacks would only revive the last slain champion on Akshan's team, instead of the whole team.
Upcoming Skins & Chromas
The following skins will be released in this patch:
Pandemonium Annie & Kindred 
Demoncursed Vayne 
Prestige Pandemonium Shaco 
The following chromas will be released this patch:
Demoncursed Vayne 
Prestige Pandemonium Shaco 
Related Articles
Game Updates
2026-05-12T18:00:00.000Z 
League of Legends Patch 26.10 Notes
The season of demons continues with Patch 26.10!
Game Updates
2026-04-14T18:00:00.000Z 
League of Legends Patch 26.8 Notes
Let’s get groovy with Patch 26.8!
Game Updates
2026-03-31T18:00:00.000Z 
League of Legends Patch 26.7 Notes
Tons of fun and fried chicken to be had!
Game Updates
2026-03-17T18:00:00.000Z 
League of Legends Patch 26.6 Notes
It’s time for First Stand and Shyvana’s update!
Game Updates
2026-03-03T19:00:00.000Z 
League of Legends Patch 26.5 Notes
Welcome to the official patch of First Stand, the first major international tournament of the year!
Game Updates
2026-02-18T19:00:00.000Z 
League of Legends Patch 26.4 Notes
Happy Lunar Revel, welcome to patch 26.4!
Game Updates
2026-02-03T19:00:00.000Z 
Patch 26.3 Notes
Celebrate the new year and revel in Patch 26.3 🎊
Game Updates
2026-01-21T19:00:00.000Z 
Patch 26.2 Notes
Patch 26.2 ready to deploy!
Game Updates
2026-01-07T19:00:00.000Z 
Patch 26.1 Notes
Demacia rises in Patch 26.1 🛡️"
26.10,26.10,16.10,League of Legends Patch 26.10 Notes,2026-05-12T18:00:00.000Z,https://www.leagueoflegends.com/en-us/news/game-updates/league-of-legends-patch-26-10-notes,The season of demons continues with Patch 26.10!,"League of Legends Patch 26.10 Notes 
League of Legends Patch 26.10 Notes
The season of demons continues with Patch 26.10!
Game Updates Riot Cashmiir, sternest 
2026-05-12T18:00:00.000Z 
We’ve got some followup for the recent Season 2 changes to bring some of the more overpowered content in line and give a bump to some things that haven’t seen the adoption that they probably should. Items and runes are still key here - we’ve got nerfs to Deathfire Touch, Gluttonous Greaves, and Voltaic Cyclosword, and some buffs to Stormraider’s Surge and the two new starting items introduced last patch. Lee Sin’s throwing off the weights with limiters removed on his shield and some other modernization changes, and Quinn is heading into the jungle. We’ve also got some behavior updates with termination votes for disrupted games, and improved detection models for text.  Looking for more information on all things League of Legends? Check out our community-run wiki here !   Wrong patch notes? You can find the TFT patch notes here ! 
Erika ""Riot Cashmiir"" Haas 
Steven ""Riot sternest"" Earnest 
Patch Highlights
Rain Shepherd Ivern and PROJECT: Quinn will be available May 13, 2026.
Essence Emporium
The Essence Emporium is back and will run from May 13 to June 10! Along with chromas and other special Emporium content, we’re adding a brand new title—”Big Serious Gamer”—for those that have mountains of BE piled up.
Champions
Ambessa 
After getting to see the impact of last patch’s ultimate nerfs, they’ve been very effective at increasing counterplay at high skill levels. However, we still see an opportunity to shift some power from jungle into top while promoting a bruiser playstyle. As a result, we’re giving her some better early power, while keeping her jungle clear and general lategame potential the same.
Q - Cunning Sweep / Sundering Slam
Target Max Health Damage : 2 / 3 / 4 / 5 / 6% ⇒ 4 / 4.5 / 5 / 5.5 / 6% 
Bonus Monster Damage : 125 ⇒ 75 
R - Public Execution
Healing Percentage : 10 / 12.5 / 15% ⇒ 15 / 17.5 / 20% 
Healing Effectiveness vs Monsters : 40%⇒ 25% 
Anivia 
The Ice Birb has been strong for quite some time, icing out opponents in top, mid, and support without much build or playstyle differentiation, which is why we’re opting for base stat adjustments. While the change will impact her across roles, we’re targeting her durability to allow for more all-in windows to crack the egg in top lane in particular.
Base Stats
Base Armor : 21 ⇒ 19 
Armor Growth : 4.5 ⇒ 4.1 
Ashe 
As one of our premier utility ADCs, Ashe is pumping out a bit too much damage. We’re giving her a minor nerf to her Q damage so she can’t have the best of both worlds.
Q - Ranger's Focus
Total Damage : 110 / 117.5 / 125 / 132.5 / 140% AD ⇒ 110 / 115 / 120 / 125 / 130% AD 
Galio 
Our favorite Demacian colossus has been quite sad between the removal of Phase Rush and the mid role quest adjustments. We’re flipping the script and helping him deliver justice by reducing some of his mana costs and tuning up the reward for a well-aimed Justice Punch. His ultimate is also lacking a bit of oomph in the damage department with how epic it is, so we’re helping it scale with his signature stat!
Q - Winds of War
Mana Cost : 70 / 75 / 80 / 85 / 90 ⇒ 60 / 65 / 70 / 75 / 80 
E - Justice Punch
Total Damage : 90 / 130 / 170 / 210 / 250 (+90% AP) ⇒ 100 / 135 / 170 / 205 / 240 (+100% AP) 
R - Hero’s Entrance
NEW     Total Damage : Now scales with 100% bonus magic resistance
Lee Sin 
Over time, Lee Sin has watched as other champs surpass him in both flair and mobility. We are looking to give him more opportunities to use the tools that allow him to fly around the map while making sure his high moments truly feel like such at all moments in the game.
W - Safeguard
Shield : 70 / 115 / 160 / 205 / 250 (+80% AP) ⇒ 60 / 105 / 150 / 195 / 240 (+ 80% AP) 
Flat Cooldown : 12s when used on non-champions and 6 when used on champions ⇒ 7s at all points 
NEW     Shield on non-champions : Lee Sin gets his shield when jumping to a minion or ward
E - Tempest
Magic Damage : 35 / 60 / 85 / 110 / 135 (100% AD) ⇒ 35 / 60 / 85 / 110 / 135 (90% AD) 
R - Dragon’s Rage
NEW     Unconditional Collateral : A champion’s body will continue to fly, knock up, and do damage even if killed mid-flight
Naafiri 
Naafiri has been top dog for a while now in both mid and jungle. We are looking to tame some of her power by reducing her damage output a bit.
Q - Darkin Daggers
Minimum Bonus Physical Damage : 30 / 45 / 60 / 75 / 90 (+ 40% bonus AD) -⇒ 30 / 42.5 / 55 / 67.5 / 80 (+ 40% bonus AD) 
Maximum Bonus Physical Damage : 60 / 90 / 120 / 450 / 180 (+ 140% bonus AD) ⇒ 60 / 85 / 110 / 135 / 160 (+ 140% bonus AD) 
R - Hounds’ Pursuit
Physical Damage : 150 / 250 / 350 (120% bonus AD ) + 15 / 25 / 35 (+12% bonus AD) per packmate ⇒ 150 / 225 / 300 (120% bonus AD) + 15 / 22.5 / 30 ( +12% bonus AD) per packmate 
Quinn 
Quinn has been struggling in the top lane environment due to a number of system changes across 2026. We’re looking to let her impact the map with her unique ultimate as a laner by reducing her high mana barrier and also want to open the door (bush?) to the jungle. We’re excited to see if she can thrive as a natural predator in the jungle, and see if she and Valor can prey on the latest new jungler we introduced, Fizz (birds like fish)!
P - Harrier
NEW     Bonus Monster Damage : 50
Q - Blinding Assault
NEW     Bonus Monster Damage : Now deals 50% increased damage to monsters
R - Behind Enemy Lines
Mana Cost : 100 / 50 / 0 ⇒ 50 / 25 / 0 
Shyvana 
With the introduction of the most recent Shyvana changes, players have been finding success building more health and ability haste. As such, we’re looking to bring a bit of her innate defensive capabilities down to make taking down this dragon a bit more reasonable.
Base Stats
Health per level : 100 ⇒ 95 
W - Inferno Aegis
Cooldown : 13 / 12 / 11 / 10 / 9 ⇒ 13 / 12.25 / 11.5 / 10.75 / 10 
Shield : 75 / 95 / 115 / 135 / 155 (+12% bonus health) ⇒ 60 / 80 / 100 / 120 / 140 (+12% bonus health) 
Wukong 
Across roles, Wukong has been struggling to find success as of late. We’re looking to help him turn things around by empowering his trickster playstyle to reward clever and creative uses of his clones.
W - Warrior Trickster
Clone Damage : 30 / 35 / 40 / 45 / 50% ⇒ 40 / 45 / 50 / 55 / 60% 
Clone Duration : 3.25 ⇒ 4 
E - Nimbus Strike
Bonus Attack Speed : 35 / 40 / 45 / 50 / 55% ⇒ 40 / 45 / 50 / 55 / 60% 
Zed 
Zed has soared in power along with huge spikes in pickrate with Season 2’s changes, and we think he’s still going to be extremely solid despite systemic nerfs. We’d like to preserve his identity as a strong laner, but hit some of his most guaranteed damage.
P - Contempt for the Weak
Max Health Damage : 6 / 8 / 10% ⇒ 5 / 7.5 / 10% 
E - Shadow Slash
Damage : 70 / 95 / 120 / 145 / 170 (+80% bonus AD) ⇒ 70 / 92.5 / 115 / 137.5 / 160 (+70% bonus AD) 
Zeri 
Zeri’s new direction and feel have seemed really promising across tiers, but with her winrate being lower as players take time to adjust their playstyle and itemization (looking at you Stormrazor, not looking at you Shiv!). We want to make Zeri speed gaming more accessible!
Q - Burst Fire
Base Damage : 21 / 24 / 27 / 30 / 33 ⇒ 22 / 26 / 30 / 34 / 38 
Excess attack speed conversion to AD : 50% ⇒ 60% 
R - Lightning Crash
[BUGFIX] Overcharged duration : Attacks during R currently extend the R duration by 1.5s. Changing that to 2.5s to match the new Hypercharged MS stack duration.
Items
Doran's Bow 
Having just been introduced last patch, we’re starting to see Doran’s Bow being picked up by a few champions, but the risk of taking a starting item with no health was a bit too great even considering the damage upside. We’re looking to make it a bit more compelling to take that risk.
Attack Damage : 6 ⇒ 8 
Doran's Helm 
Doran’s Helm is meant to be an exciting item to hold onto after the early game with the resistances it offers scaling better than Doran’s Shield’s health regeneration. However, it is currently a bit too difficult to make it out of the early game. We are looking to lighten the early game load so that players can get to the mid game high points.
Health : 110 ⇒ 140 
Gluttonous Greaves / Immortal Path 
The new omnivamp boots line is successfully filling a gap in boot itemization we intended, filling in nicely as a defensive-offensive hybrid item for many of our high damage champs across roles. We’re now seeing them being taken at a bit too high of a rate and are looking to bring them back in line with other options.
Total Cost : 950g ⇒ 1000g 
Slay - Omnivamp Per Stack : 1% per takedown, up to 6 stacks max ⇒ .6% per takedown, up to 10 stacks max 
Lich Bane 
Last patch, we made adjustments to further differentiate our two AP Sheen items. For Lich Bane, rather than proccing Spellblade through getting in their face (like what Dusk and Dawn builds provide), we’re tuning up Lich Bane’s Movespeed to help you get into position for a better scaling proc.
AP ratio : 40% AP ⇒ 45% AP 
Movespeed : 4% ⇒ 6% 
Voltaic Cyclosword 
Following its adjustments and the removal of Opportunity, we expected Voltaic Cyclosword to see more play. We’re happy to see it making an impact on the meta, but are lowering its power slightly by increasing its price tag.
Total Cost : 2900g ⇒ 3000g 
Runes
Deathfire Touch 
Even after the hotfix nerf, Deathfire Touch is burning a bit too strongly in early laning trades. We’re shaving off just a bit of damage at lower levels to make it less oppressive.
Damage Per Second : 4 - 12 (Levels 1 - 18) (+7% bonus AD) (+2.5% AP) ⇒ 3 - 12 (Levels 1 - 18) (+7% bonus AD) (+2.5% AP) 
Stormraider's Surge 
Stormraider's Surge has landed on the soft side, underperforming on most champions trying it out, so we are going to push its duration a bit.
Move Speed : [40% Melee | 30% Ranged] for 3 seconds ⇒ [48% Melee | 36% Ranged] for 4 seconds 
Game Systems
Minion Aggro
Previously, when an enemy champion attacked an allied minion, the enemy champion would enter the minions’ aggro priority list. We’re removing this action entirely from aggroing minions to prevent it feeling like minions sometimes randomly change their target. They have a nexus to take down, anyway.
Disruptive Game Termination
When we detect severely disruptive behaviors during a match that add up to irredeemably ruining their team’s chances of winning , we’ll allow the team with the disruptive player to vote to end the match so that everyone can save themselves some time. The bar for this is high, and most penalties will still be distributed post-game. We’re looking to improve upon this system by proactively offering a vote to end the match when severely disruptive behavior is detected during a match.
When a player is confirmed to be engaging in severely disruptive behavior during a match, their team will be prompted to vote to end the match. The disruptive player and their premade will not be eligible to vote.
If a match termination vote passes, the team with the disruptive player will not lose any LP or MMR. The other team will receive LP as usual for a win. The disruptive player gets banned.
If a match termination vote fails, the game will continue. The team with the confirmed disruptive player cannot lose LP, but has the opportunity to win LP if they can claim victory. This is primarily to avoid detected behaviors terminating matches that might be close to resolution, like when you’re about to destroy the enemy Nexus but one of your allies a minute ago decided to sell all of their items and run in circles in your base.
Player Behavior
We’ve made large updates to our text detection models to more accurately detect disruptive or inappropriate text across all languages with fewer false positives.
Arena
Hey Arena brawlers!  Grab a third friend, and dive head first into the pits, because this patch brings our first event with the much anticipated 3x6!  Arena is now six teams of three and we can’t wait to see what you all cook up. Will teams of curses, swarms of minions, stat anvils, triple tanks, or something else be your go to strategy?  We’ve been listening to your feedback on this Arena update and made several adjustments to augments and many of the new features. Our focus for this patch has primarily been around augment levels, and we’ve kept champion changes light since we expect the shift to three teams to shake things up on its own.  We have heard that many of you feel like collecting stat anvils feels a bit lack luster, and while we intend for this to be a challenging run that you can’t always force we feel it is a little too difficult and a bit under the bar so we’ve made some adjustments, one such change being to increase the maximum power you can roll from 80% - 100%, along with some additional changes listed below. We’ll continue to keep an eye on this as we know it is a favorite to many players, but it loses its charm if this changes from a challenge to a dominant playstyle.  We’ve also got some adjustments to a few Guest of Honor, in particular our demon of greed, Tahm Kench, we’re tapping down the darker compulsions and increasing the benefits for those with the willpower to abstain. We’ve got plenty more for you to check out so we’ll just leave you with this:  Those who have found themselves in agony from another’s desire, a collective celebration will bring your health higher.
Augment Buffs
Bravest of the Brave 
Level 2 gold increased from 750 ⇒ 1500
Fan the Hammer 
Max level reduced from 3⇒2
Cooldown per side 7/6/5 ⇒ 7/5
Juiced 
Max level increased to 2
Damage done increased from 4.5% ⇒ 9% of mana spent.
Capstone: Whenever you spend 400 mana increase Juiced damage by 10% for the rest of the round.
Firesale 
When removed or replaced, gain gold equal to 30% of the gold gained by Firesale.
Combination Fried Rice 
Max level 1 ⇒ 3
Auto levels based on levels put into the rice augments.
Ability Haste -100 ⇒ -50
Damage per level 100% ⇒ 100/125/150%
Healing per level 75%⇒ 75/100/125%
SpellCraft 
Base slow reduced from 20%⇒10%
AP ratio per red sticker reduced from 40% ⇒ 30%
BAD Ratio per red sticker reduced from 30% ⇒ 20%
Slow per sticker increased from 30% ⇒ 40%
Chroma Flux 
Movespeed per sticker increased from 20 ⇒ 30
Stats On Stats On Stats 
Capstone: Stat anvil percent amp increased from 10% ⇒ 20%
Stats On Stats 
Capstone: Stat anvil percent amp increased from 10% ⇒ 20%
Stats 
Capstone: Stat anvil percent amp increased from 10% ⇒ 20%
Bread Sandwich 
Max level 1 ⇒ 3
Auto levels based on levels put into the rice augments.
Ability Haste per level 200 ⇒ 200/300/400
Gamba Anvil 
Max level 2>1
Legendary item anvil reduction 500 > 750
Stat anvil reduction 150/300 > 250
Ability Haste per level 200 ⇒ 200/300/400
Augment Nerfs
Draw Your Sword 
Bonus HP : 25/35/45% ⇒ 25/30/35%
Bonus AD : 25/35/45% ⇒ 25/30/35%
AS: 20% ⇒ 15%
Jeweled Gauntlet 
Crit Damage : 140/160/180% ⇒ 140/150/160%
Righteous Fury 
Spell damage per stack : 2/4/6% ⇒ 2/3/4%
The Brutalizer 
Max level reduced from 3 ⇒ 2
Champions
Katarina 
Passive refund on takedown reduced from 75s ⇒ 15s
Shyvana 
Emberstrike
Damage: 10 / 15 / 20 / 25 / 30 (+ 110% AD) ⇒ 10 / 15 / 20 / 25 / 30 (+ 100% AD)
Xin Zhao 
Three Talon Strike
Damage: 15 / 30 / 45 / 60 / 75 (+ 40% bonus AD) ⇒ 15 / 30 / 45 / 60 / 75 (+ 30% bonus AD)
Cooldown: 7 / 6.5 / 6 / 5.5 / 5 ⇒ 8 / 7.5 / 7 / 6.5 / 6
Audacious Charge
AS: (+ 10% per 100 AP) ⇒ (+ 5% per 100 AP)
Cooldown: 11 ⇒ 13
System Changes
Petricite Grove 
Adjusted player spawn locations
Petricite Grove’s Petricite Bombs 
Each spawner's initial spawns 6-12 seconds after combat starts.
Respawn rate changed from 15s ⇒ 20s
Ancestral wood’s Bulwark Blossom 
Added ticks to its healthbar.
Reckoner’s Arena Pillars 
Added ticks to the healthbars.
Base line durability 
Damage Reduction Percent increased by 5% on round 8 (Crafting round).
Item Changes
Black Hole Gauntlet 
Black Hole size now scales more directly with your champion's size.
Size is now capped at 3 times its base size.
Pyromancer's Cloak 
Blaze AoE per additional burn source reduced from 40 ⇒ 30
Per champion cooldown 3 ⇒ 5s
Guests of Honor
Garen: Perseverance 
Tooltip updated to note that you'll heal when at 50 health.
Hwei: Blank Canvas 
Tooltips updated
Rerolling an augment level offering now has a sticker
Jarvan IV: Heavy Is The Crown 
Crown Thieves beware, Size adjustment increased from 20% ⇒ 25%.
Tahm Kench: Dark Bargain 
Compulsion for Power : Stat Anvils granted reduced from 2 ⇒ 1
Compulsion for Wealth : Gold granted reduced from 3000 ⇒ 2500
Abstain from Wealth, Power, and Risk : Max Health restored increased from 5% ⇒ 10%.
All players are now offered the same choices rather than randomly rolling.
Arena Bugfixes
Fixed a bug where players could flash behind a wall (either on purpose or by accident) in the new Petricite Grove map
Fixed a bug where Chauffeur was snapping allies back to their dead teammates position (We promise this won’t happen in teams of 3)
Fixed a bug where Nocturne’s Guest of Honor would some times ult the player irl (aka their entire screen goes dark)
Fixed a bug where players weren’t being granted an additional augment from Tahm Kench’s Guest of Honor if augments slots were full
Fixed a bug where Hivemind was doing twice as much damage as intended
Fixed a bug where ??? is healing much more than intended
Fixed a bug where receiving Prowler’s Claw or Goredrinker from Poppy’s Guest of Honor would break Shardholder eligibility
Fixed a bug where the Void Immolation Quest augment was preventing players from purchasing Rabadon’s Deathcap
Fixed a bug where magic penetration wasn’t being tracked or boosted by Shardholder
Fixed a bug where Minionmancer amplified damage was not being applied to Azir’s Sand Soldiers (W)
Fixed a bug where Double Tap can trigger Power Flower multiples (or consume the entire plant if max leveled)
Fixed some race conditions that occurred when trying to spam click anvils (Please stop using spam clickers)
Fixed a bug where Despoil was not stacking on blinks. They did work on dashes though!
Fixed a bug where players are unable to move while activating Wooglet’s stasis when they have the We’ll Be Right Back capstone unlocked
Fixed a bug where pools from Morgana’s Guest of Honor would sometimes leave invisible pools on other Arenas
The following bugs were fixed in 26.9 but were not documented. Our apologies on that!
Fixed a bug where Infernal Conduit was not reducing ability cooldowns as expected
Fixed a bug where Puppeteers Pull Their Strings was unaffected by Apex Inventor
Fixed a bug where Hollow Radiance’s Immolate does not trigger
Fixed a bug where purchasing an anvil too early when Poppy is selected as the Guest of Honor would prevent a second prismatic anvil from opening
Fixed a bug where Pinball Snowball is dealing way more damage than expected
ARAM
Champions
Viktor 
Damage Dealt : 95% ⇒ 100%
Damage Taken : 105% ⇒ 100%
Passive Stacks per Kill
Champion: 20 ⇒ 8
Cannon 10 ⇒ 5
NEW   In ARAM maps, Viktor gains 1 stack every 5 seconds.
System Changes
Bilgewater Cannon QoL 
Movement lockout from not taking the canon : 2s ⇒ 0.5s
Movement lockout from landing after taking the canon : removed
ARAM: Mayhem
Hello ARAMers!  In this patch, we’re focusing on quality-of-life improvements for both augments and maps.  For augments, Upgrade Zhonya’s now grants a bit more movement speed, helping you reposition more fluidly in fights. We’ve also smoothed out usability for Fan the Hammer, Big Brain, and Outlaw’s Grit, making them more intuitive and reliable to use.  On the map side, Bilgewater Cannons will now have a much shorter delay if you accidentally dismount early, and we’ve removed the brief immobility on landing to keep movement feeling responsive. On Howling Abyss, we fixed an issue where Qiyana could not access her Earth element.  Our lovely friend Viktor is also getting a small update in ARAM and Mayhem. He now gains stacks over time, with reduced reliance on minion and champion takedowns. This should give him a smoother and more consistent power progression throughout the game.  See you on the Bridge!
Augments
Big Brain 
NEW    Refresh on Respawn or every 70 seconds
Fan the Hammer 
No longer triggers on minions
Outlaw's Grit    NEW    Stacks now reset based on a 15s duration instead of a fixed timer
Stacks show up on buff bar
Upgrade Zhonya's 
NEW    Grants 50% Bonus MS during Stasis
Champions
Viktor 
Damage Dealt : 95% ⇒ 100%
Damage Taken : 105% ⇒ 100%
Passive Stacks per Kill
Champion: 20 ⇒ 8
Cannon 10 ⇒ 5
NEW    In ARAM maps, Viktor gains 1 stack every 5 seconds.
System Changes
Bilgewater Cannon QoL 
Movement lockout from not taking the canon : 2s ⇒ 0.5s
Movement lockout from landing after taking the canon : removed
ARAM: Mayhem Bugfixes
Fixed a bug where Dropkick could permanently reveal an enemy killed by it under specific circumstances.
Fixed a bug where Qiyana would be given water when using W on walls.
Fixed a bug where using Bilgewater’s Cannon would trigger health relics when flying over them.
Fixed a bug where killing a unit with Snowball would sometimes not trigger Upgrade: Snowball’s effect.
Fixed a bug where Azir’s soldiers did not trigger Marksmage.
Fixed a bug where Outlaw’s Grit would be granted stacks by each map’s unique transportation.
Fixed a bug where Gangplank would gain multiplicative amounts of Damage reduction or increase when chaining barrels.
Fixed a bug where Snowball benefited from Item Damage increases.
Fixed a bug where Clones of a champion with Slow and Steady did not have their Attack Speed limited.
Fixed a bug where Bounce of the Poro King went through spellshields.
Fixed a bug where taking certain snowball augments would reset your non-snowball summoner spell’s cooldown.
Fixed a bug where Laser Heal would erroneously reset cooldowns of spells that should have stayed sealed, such as Riven R or Rumble while Overheated.
Fixed a bug where Ultimate Awakening would erroneously reset cooldowns of spells that should have stayed sealed.
Fixed a bug where Dropkick dealt bonus damage to ALL units below the execute threshold, not just champions.
Fixed a bug where Briar could get snowball permanently disabled when using at the same time as her R.
Fixed a bug with various augments where resetting cooldowns of Ammo spells would grant you 1 more charge than the maximum allowed of charges.
Fixed a bug where Neeko would apply Mad Scientist’s size change to her clone twice.
Fixed a bug where Tank Engine incorrectly displayed its granted health in the tooltip.
Bugfixes & QoL Changes
Fixed a bug where Rift Herald’s empowered recall would be consumed if the player was recalling when it was granted.
Fixed a bug where Fear VFX would display a black rectangle, particularly on lower graphics settings
Viego possessing Kled will now spawn mounted on Skaarl with the correct remount HP
Triggering Evelynn Charm as Viego will no longer put Spectral Maw (W) on cooldown
Riftmaker - Void Corruption passive applies more damage amplification than intended.
Fixed a bug where Viego's Blade of the Ruined King (Q) is placed on cooldown if Zaahen Q times out
Fixed an issue where Mordekaiser W would prevent Viego W from being castable or force the spell to go on the wrong cooldown
Fixed a bug where Teemo’s buff icons were missing from his buff bar.
Fixed a bug where friendly projectiles such as Triumph’s healing missile may be destroyed by Lissandra self cast R, Galio R, and Twisted Fate R.
Fixed a bug where Rapid Firecannon’s range indicator would briefly linger after being triggered by Voltaic Cyclosword.
Fixed a bug where Blue team’s middle inhibitor respawn timer would visually refresh when the camera panned away.
Fixed a bug where Rift Herald’s Charge would proc a turret’s Crystalline Overgrowth through Bard’s R.
Fixed a bug where Sylas’ stolen Lissandra R had a chance to fizzle if he cast it in conjunction with a movement spell.
Fixed a bug where Taliyah’s Weaver’s Wall (R) may leave units with collision at its endpoint.
Fixed a bug where Sylas may have less Fury than expected after casting Shyvana’s Dragon’s Descent.
Fixed a bug where Yone P and Corki P were being amplified an additional time from sources of damage amplification.
Fixed a bug where Karma’s RW was not being properly negated by spell shields.
Fixed a bug where Zaahen’s buff icons were missing from his buff bar.
Fixed a bug where Kog’Maw W wouldn’t always proc Statikk Shiv.
Fixed a bug where Fiendhunter Bolts stacks were not lost when attacking turrets.
Fixed a bug where Shyvana’s Q attacks would not apply bonus true damage from Hail of Blades.
Fixed a bug where Gluttonous Greaves could gain additional stacks of Omnivamp by getting a multikill on Bot Lane Quest completion.
Fixed a bug where Gluttonous Greaves and Immortal Path would not inherit the extra Move Speed from Slightly Magical Footwear.
Fixed a bug where certain Vi animations were missing for her W.
The in-game Options menu has been optimized to open faster the first time it is viewed.
[WASD] The keybind to open All Chat has been updated from Shift + Enter to Ctrl + Enter so that it does not conflict with the default keybind for Ability 2
[WASD] Fixed a bug where your champion could stutter when changing auto attack targets while moving if your champion’s auto attack was on cooldown.
[WASD] Fixed a bug where Zeri’s Ultrashock Laser (Ability 2) would fire in the wrong direction when wallriding with Spark Surge (Ability 3)
Joystick and Accessibility Controller Updates
We are continuing to iterate on our joystick and accessibility support in response to feedback.
Accessibility buttons may now be natively mapped to inputs in the in-game Options menu. Turn on WASD input and click on an input to bind it. Pressing a button will bind that button.
The default unchangeable button binds have been removed.
Upcoming Skins & Chromas
The following skins will be released in this patch:
Rain Shepherd Ivern 
PROJECT: Quinn 
The following chromas will be released this patch:
Rain Shepherd Ivern 
PROJECT: Quinn 
Related Articles
Game Updates
2026-04-28T18:00:00.000Z 
League of Legends Patch 26.9 Notes
It’s time to hunt demons with Patch 26.9!
Game Updates
2026-04-14T18:00:00.000Z 
League of Legends Patch 26.8 Notes
Let’s get groovy with Patch 26.8!
Game Updates
2026-03-31T18:00:00.000Z 
League of Legends Patch 26.7 Notes
Tons of fun and fried chicken to be had!
Game Updates
2026-03-17T18:00:00.000Z 
League of Legends Patch 26.6 Notes
It’s time for First Stand and Shyvana’s update!
Game Updates
2026-03-03T19:00:00.000Z 
League of Legends Patch 26.5 Notes
Welcome to the official patch of First Stand, the first major international tournament of the year!
Game Updates
2026-02-18T19:00:00.000Z 
League of Legends Patch 26.4 Notes
Happy Lunar Revel, welcome to patch 26.4!
Game Updates
2026-02-03T19:00:00.000Z 
Patch 26.3 Notes
Celebrate the new year and revel in Patch 26.3 🎊
Game Updates
2026-01-21T19:00:00.000Z 
Patch 26.2 Notes
Patch 26.2 ready to deploy!
Game Updates
2026-01-07T19:00:00.000Z 
Patch 26.1 Notes
Demacia rises in Patch 26.1 🛡️"
